INFO:{'model': 'vib2mol_matching_shared', 'launch': 'matching', 'ds': 'qm9s', 'task': 'ir-kekule_smiles', 'train': True, 'debug': 1, 'device': 'cuda:0', 'seed': 624, 'ddp': True, 'mask_prob': 0.45}
INFO:{'batch_size': 256, 'epoch': 1000, 'patience': 1000, 'lr': '1e-4', 'lr_sched': 'cosine', 'min_lr': '1e-6', 'warmup_lr': '1e-6', 'warmup_epochs': 0}
INFO:Epoch   0, train loss:6.308572
INFO:Epoch   0, eval loss:4.791560, smiles_to_spectrum_recall:0.000171, spectrum_to_smiles_recall:0.000171, valid acc:0.666667
INFO:Epoch   1, train loss:6.180665
INFO:Epoch   1, eval loss:4.791509, smiles_to_spectrum_recall:0.000171, spectrum_to_smiles_recall:0.000171, valid acc:0.666667
INFO:Epoch   2, train loss:6.180476
INFO:Epoch   2, eval loss:4.791522, smiles_to_spectrum_recall:0.000171, spectrum_to_smiles_recall:0.000171, valid acc:0.666667
INFO:Epoch   3, train loss:6.180011
INFO:Epoch   3, eval loss:4.791553, smiles_to_spectrum_recall:0.000171, spectrum_to_smiles_recall:0.000171, valid acc:0.666667
INFO:Epoch   4, train loss:6.180086
INFO:Epoch   4, eval loss:4.791540, smiles_to_spectrum_recall:0.000171, spectrum_to_smiles_recall:0.000171, valid acc:0.666667
INFO:Epoch   5, train loss:6.179749
INFO:Epoch   5, eval loss:4.791513, smiles_to_spectrum_recall:0.000171, spectrum_to_smiles_recall:0.000171, valid acc:0.666667
INFO:Epoch   6, train loss:6.179644
INFO:Epoch   6, eval loss:4.791510, smiles_to_spectrum_recall:0.000171, spectrum_to_smiles_recall:0.000171, valid acc:0.666667
INFO:Epoch   7, train loss:6.179226
INFO:Epoch   7, eval loss:4.791505, smiles_to_spectrum_recall:0.000171, spectrum_to_smiles_recall:0.000171, valid acc:0.666667
INFO:Epoch   8, train loss:6.179426
INFO:Epoch   8, eval loss:4.791534, smiles_to_spectrum_recall:0.000171, spectrum_to_smiles_recall:0.000171, valid acc:0.666667
INFO:Epoch   9, train loss:6.179065
INFO:Epoch   9, eval loss:4.791506, smiles_to_spectrum_recall:0.000342, spectrum_to_smiles_recall:0.000171, valid acc:0.666667
INFO:Epoch  10, train loss:6.179343
INFO:Epoch  10, eval loss:4.791561, smiles_to_spectrum_recall:0.000171, spectrum_to_smiles_recall:0.000171, valid acc:0.666667
INFO:Epoch  11, train loss:6.179123
INFO:Epoch  11, eval loss:4.791494, smiles_to_spectrum_recall:0.000171, spectrum_to_smiles_recall:0.000171, valid acc:0.666667
INFO:Epoch  12, train loss:6.179177
INFO:Epoch  12, eval loss:4.791498, smiles_to_spectrum_recall:0.000171, spectrum_to_smiles_recall:0.000171, valid acc:0.666667
INFO:Epoch  13, train loss:6.179221
INFO:Epoch  13, eval loss:4.791480, smiles_to_spectrum_recall:0.000171, spectrum_to_smiles_recall:0.000171, valid acc:0.666667
INFO:Epoch  14, train loss:6.178965
INFO:Epoch  14, eval loss:4.791509, smiles_to_spectrum_recall:0.000171, spectrum_to_smiles_recall:0.000171, valid acc:0.666667
INFO:Epoch  15, train loss:6.178721
INFO:Epoch  15, eval loss:4.791517, smiles_to_spectrum_recall:0.000171, spectrum_to_smiles_recall:0.000171, valid acc:0.666667
INFO:Epoch  16, train loss:6.179254
INFO:Epoch  16, eval loss:4.791532, smiles_to_spectrum_recall:0.000171, spectrum_to_smiles_recall:0.000171, valid acc:0.666667
INFO:Epoch  17, train loss:6.178915
INFO:Epoch  17, eval loss:4.791587, smiles_to_spectrum_recall:0.000171, spectrum_to_smiles_recall:0.000171, valid acc:0.666667
INFO:Epoch  18, train loss:6.179013
INFO:Epoch  18, eval loss:4.791492, smiles_to_spectrum_recall:0.000171, spectrum_to_smiles_recall:0.000171, valid acc:0.666667
INFO:Epoch  19, train loss:6.178825
INFO:Epoch  19, eval loss:4.791486, smiles_to_spectrum_recall:0.000171, spectrum_to_smiles_recall:0.000171, valid acc:0.666667
INFO:Epoch  20, train loss:6.178746
INFO:Epoch  20, eval loss:4.791490, smiles_to_spectrum_recall:0.000171, spectrum_to_smiles_recall:0.000171, valid acc:0.666667
INFO:Epoch  21, train loss:6.178881
INFO:Epoch  21, eval loss:4.791489, smiles_to_spectrum_recall:0.000171, spectrum_to_smiles_recall:0.000171, valid acc:0.666667
INFO:Epoch  22, train loss:6.178756
INFO:Epoch  22, eval loss:4.791505, smiles_to_spectrum_recall:0.000171, spectrum_to_smiles_recall:0.000342, valid acc:0.666667
INFO:Epoch  23, train loss:6.178646
INFO:Epoch  23, eval loss:4.791541, smiles_to_spectrum_recall:0.000171, spectrum_to_smiles_recall:0.000171, valid acc:0.666667
INFO:Epoch  24, train loss:6.178763
INFO:Epoch  24, eval loss:4.791519, smiles_to_spectrum_recall:0.000171, spectrum_to_smiles_recall:0.000171, valid acc:0.666667
INFO:Epoch  25, train loss:6.178562
INFO:Epoch  25, eval loss:4.791503, smiles_to_spectrum_recall:0.000171, spectrum_to_smiles_recall:0.000171, valid acc:0.666667
INFO:Epoch  26, train loss:6.178736
INFO:Epoch  26, eval loss:4.791483, smiles_to_spectrum_recall:0.000171, spectrum_to_smiles_recall:0.000171, valid acc:0.666667
INFO:Epoch  27, train loss:6.178656
INFO:Epoch  27, eval loss:4.791479, smiles_to_spectrum_recall:0.000171, spectrum_to_smiles_recall:0.000171, valid acc:0.666667
INFO:Epoch  28, train loss:6.178656
INFO:Epoch  28, eval loss:4.791442, smiles_to_spectrum_recall:0.000171, spectrum_to_smiles_recall:0.000000, valid acc:0.666667
INFO:Epoch  29, train loss:6.178233
INFO:Epoch  29, eval loss:4.779147, smiles_to_spectrum_recall:0.000342, spectrum_to_smiles_recall:0.000171, valid acc:0.666667
INFO:Epoch  30, train loss:6.069192
INFO:Epoch  30, eval loss:4.569103, smiles_to_spectrum_recall:0.000856, spectrum_to_smiles_recall:0.000685, valid acc:0.666667
INFO:Epoch  31, train loss:5.660989
INFO:Epoch  31, eval loss:3.987713, smiles_to_spectrum_recall:0.000856, spectrum_to_smiles_recall:0.000514, valid acc:0.659991
INFO:Epoch  32, train loss:5.191883
INFO:Epoch  32, eval loss:3.490670, smiles_to_spectrum_recall:0.002225, spectrum_to_smiles_recall:0.002739, valid acc:0.670261
INFO:Epoch  33, train loss:4.756707
INFO:Epoch  33, eval loss:3.258219, smiles_to_spectrum_recall:0.001712, spectrum_to_smiles_recall:0.002568, valid acc:0.696280
INFO:Epoch  34, train loss:4.528290
INFO:Epoch  34, eval loss:3.008420, smiles_to_spectrum_recall:0.002910, spectrum_to_smiles_recall:0.004279, valid acc:0.717962
INFO:Epoch  35, train loss:4.320599
INFO:Epoch  35, eval loss:2.904559, smiles_to_spectrum_recall:0.003595, spectrum_to_smiles_recall:0.005306, valid acc:0.721728
INFO:Epoch  36, train loss:4.183627
INFO:Epoch  36, eval loss:2.779741, smiles_to_spectrum_recall:0.005478, spectrum_to_smiles_recall:0.006847, valid acc:0.751170
INFO:Epoch  37, train loss:4.064602
INFO:Epoch  37, eval loss:2.641031, smiles_to_spectrum_recall:0.006676, spectrum_to_smiles_recall:0.008216, valid acc:0.773594
INFO:Epoch  38, train loss:3.951703
INFO:Epoch  38, eval loss:2.503582, smiles_to_spectrum_recall:0.009243, spectrum_to_smiles_recall:0.009243, valid acc:0.802408
INFO:Epoch  39, train loss:3.841991
INFO:Epoch  39, eval loss:2.429835, smiles_to_spectrum_recall:0.010442, spectrum_to_smiles_recall:0.011126, valid acc:0.809369
INFO:Epoch  40, train loss:3.735426
INFO:Epoch  40, eval loss:2.385810, smiles_to_spectrum_recall:0.010613, spectrum_to_smiles_recall:0.011469, valid acc:0.818099
INFO:Epoch  41, train loss:3.631798
INFO:Epoch  41, eval loss:2.226477, smiles_to_spectrum_recall:0.014207, spectrum_to_smiles_recall:0.014721, valid acc:0.845829
INFO:Epoch  42, train loss:3.538430
INFO:Epoch  42, eval loss:2.210465, smiles_to_spectrum_recall:0.019000, spectrum_to_smiles_recall:0.013352, valid acc:0.842349
INFO:Epoch  43, train loss:3.440626
INFO:Epoch  43, eval loss:2.151056, smiles_to_spectrum_recall:0.023964, spectrum_to_smiles_recall:0.021397, valid acc:0.849880
INFO:Epoch  44, train loss:3.357828
INFO:Epoch  44, eval loss:2.016658, smiles_to_spectrum_recall:0.024307, spectrum_to_smiles_recall:0.020883, valid acc:0.867226
INFO:Epoch  45, train loss:3.285647
INFO:Epoch  45, eval loss:1.963850, smiles_to_spectrum_recall:0.033208, spectrum_to_smiles_recall:0.026361, valid acc:0.873046
INFO:Epoch  46, train loss:3.207815
INFO:Epoch  46, eval loss:1.856720, smiles_to_spectrum_recall:0.037316, spectrum_to_smiles_recall:0.034064, valid acc:0.887310
INFO:Epoch  47, train loss:3.152922
INFO:Epoch  47, eval loss:1.853484, smiles_to_spectrum_recall:0.038001, spectrum_to_smiles_recall:0.035091, valid acc:0.884743
INFO:Epoch  48, train loss:3.092253
INFO:Epoch  48, eval loss:1.817313, smiles_to_spectrum_recall:0.039370, spectrum_to_smiles_recall:0.034748, valid acc:0.892788
INFO:Epoch  49, train loss:3.026090
INFO:Epoch  49, eval loss:1.770376, smiles_to_spectrum_recall:0.043136, spectrum_to_smiles_recall:0.035947, valid acc:0.893644
INFO:Epoch  50, train loss:2.974925
INFO:Epoch  50, eval loss:1.728451, smiles_to_spectrum_recall:0.042622, spectrum_to_smiles_recall:0.038343, valid acc:0.894956
INFO:Epoch  51, train loss:2.923791
INFO:Epoch  51, eval loss:1.616442, smiles_to_spectrum_recall:0.050496, spectrum_to_smiles_recall:0.050154, valid acc:0.913043
INFO:Epoch  52, train loss:2.855328
INFO:Epoch  52, eval loss:1.663151, smiles_to_spectrum_recall:0.053235, spectrum_to_smiles_recall:0.048613, valid acc:0.897980
INFO:Epoch  53, train loss:2.809928
INFO:Epoch  53, eval loss:1.547549, smiles_to_spectrum_recall:0.061109, spectrum_to_smiles_recall:0.055118, valid acc:0.918179
INFO:Epoch  54, train loss:2.758511
INFO:Epoch  54, eval loss:1.542544, smiles_to_spectrum_recall:0.060253, spectrum_to_smiles_recall:0.060425, valid acc:0.913158
INFO:Epoch  55, train loss:2.702301
INFO:Epoch  55, eval loss:1.471821, smiles_to_spectrum_recall:0.067614, spectrum_to_smiles_recall:0.065731, valid acc:0.919320
INFO:Epoch  56, train loss:2.665656
INFO:Epoch  56, eval loss:1.425700, smiles_to_spectrum_recall:0.073091, spectrum_to_smiles_recall:0.066073, valid acc:0.926167
INFO:Epoch  57, train loss:2.611180
INFO:Epoch  57, eval loss:1.422518, smiles_to_spectrum_recall:0.078055, spectrum_to_smiles_recall:0.067785, valid acc:0.921089
INFO:Epoch  58, train loss:2.567281
INFO:Epoch  58, eval loss:1.361427, smiles_to_spectrum_recall:0.080794, spectrum_to_smiles_recall:0.075659, valid acc:0.932557
INFO:Epoch  59, train loss:2.522111
INFO:Epoch  59, eval loss:1.332496, smiles_to_spectrum_recall:0.085245, spectrum_to_smiles_recall:0.078398, valid acc:0.930389
INFO:Epoch  60, train loss:2.472289
INFO:Epoch  60, eval loss:1.267471, smiles_to_spectrum_recall:0.093119, spectrum_to_smiles_recall:0.090038, valid acc:0.937807
INFO:Epoch  61, train loss:2.418649
INFO:Epoch  61, eval loss:1.341229, smiles_to_spectrum_recall:0.084389, spectrum_to_smiles_recall:0.077713, valid acc:0.924170
INFO:Epoch  62, train loss:2.374125
INFO:Epoch  62, eval loss:1.248311, smiles_to_spectrum_recall:0.098768, spectrum_to_smiles_recall:0.089695, valid acc:0.932443
INFO:Epoch  63, train loss:2.334387
INFO:Epoch  63, eval loss:1.181021, smiles_to_spectrum_recall:0.104587, spectrum_to_smiles_recall:0.098596, valid acc:0.939690
INFO:Epoch  64, train loss:2.278374
INFO:Epoch  64, eval loss:1.179820, smiles_to_spectrum_recall:0.106470, spectrum_to_smiles_recall:0.104930, valid acc:0.937293
INFO:Epoch  65, train loss:2.246351
INFO:Epoch  65, eval loss:1.168482, smiles_to_spectrum_recall:0.107840, spectrum_to_smiles_recall:0.096371, valid acc:0.935467
INFO:Epoch  66, train loss:2.202173
INFO:Epoch  66, eval loss:1.109190, smiles_to_spectrum_recall:0.125984, spectrum_to_smiles_recall:0.115200, valid acc:0.939861
INFO:Epoch  67, train loss:2.161411
INFO:Epoch  67, eval loss:1.067997, smiles_to_spectrum_recall:0.125471, spectrum_to_smiles_recall:0.122218, valid acc:0.945681
INFO:Epoch  68, train loss:2.119154
INFO:Epoch  68, eval loss:1.036825, smiles_to_spectrum_recall:0.126498, spectrum_to_smiles_recall:0.131462, valid acc:0.947107
INFO:Epoch  69, train loss:2.073153
INFO:Epoch  69, eval loss:1.034257, smiles_to_spectrum_recall:0.129750, spectrum_to_smiles_recall:0.126669, valid acc:0.944026
INFO:Epoch  70, train loss:2.035774
INFO:Epoch  70, eval loss:1.072038, smiles_to_spectrum_recall:0.136084, spectrum_to_smiles_recall:0.123588, valid acc:0.933128
INFO:Epoch  71, train loss:1.989965
INFO:Epoch  71, eval loss:0.947585, smiles_to_spectrum_recall:0.142588, spectrum_to_smiles_recall:0.148066, valid acc:0.951444
INFO:Epoch  72, train loss:1.953617
INFO:Epoch  72, eval loss:0.944611, smiles_to_spectrum_recall:0.151147, spectrum_to_smiles_recall:0.142759, valid acc:0.949161
INFO:Epoch  73, train loss:1.913809
INFO:Epoch  73, eval loss:0.893545, smiles_to_spectrum_recall:0.163814, spectrum_to_smiles_recall:0.161588, valid acc:0.951387
INFO:Epoch  74, train loss:1.869376
INFO:Epoch  74, eval loss:0.909014, smiles_to_spectrum_recall:0.151489, spectrum_to_smiles_recall:0.148750, valid acc:0.948819
INFO:Epoch  75, train loss:1.826175
INFO:Epoch  75, eval loss:0.887722, smiles_to_spectrum_recall:0.166381, spectrum_to_smiles_recall:0.158336, valid acc:0.948134
INFO:Epoch  76, train loss:1.784874
INFO:Epoch  76, eval loss:0.841971, smiles_to_spectrum_recall:0.172715, spectrum_to_smiles_recall:0.175111, valid acc:0.951786
INFO:Epoch  77, train loss:1.748812
INFO:Epoch  77, eval loss:0.786972, smiles_to_spectrum_recall:0.192742, spectrum_to_smiles_recall:0.191886, valid acc:0.957891
INFO:Epoch  78, train loss:1.712613
INFO:Epoch  78, eval loss:0.801973, smiles_to_spectrum_recall:0.189490, spectrum_to_smiles_recall:0.186922, valid acc:0.954239
INFO:Epoch  79, train loss:1.671504
INFO:Epoch  79, eval loss:0.747226, smiles_to_spectrum_recall:0.198733, spectrum_to_smiles_recall:0.208490, valid acc:0.957891
INFO:Epoch  80, train loss:1.629701
INFO:Epoch  80, eval loss:0.731638, smiles_to_spectrum_recall:0.220472, spectrum_to_smiles_recall:0.219959, valid acc:0.958462
INFO:Epoch  81, train loss:1.590189
INFO:Epoch  81, eval loss:0.711845, smiles_to_spectrum_recall:0.213625, spectrum_to_smiles_recall:0.230401, valid acc:0.954354
INFO:Epoch  82, train loss:1.551766
INFO:Epoch  82, eval loss:0.721803, smiles_to_spectrum_recall:0.220472, spectrum_to_smiles_recall:0.217049, valid acc:0.953441
INFO:Epoch  83, train loss:1.513071
INFO:Epoch  83, eval loss:0.673128, smiles_to_spectrum_recall:0.238788, spectrum_to_smiles_recall:0.236392, valid acc:0.958405
INFO:Epoch  84, train loss:1.480353
INFO:Epoch  84, eval loss:0.635727, smiles_to_spectrum_recall:0.256761, spectrum_to_smiles_recall:0.262410, valid acc:0.960459
INFO:Epoch  85, train loss:1.440742
INFO:Epoch  85, eval loss:0.657547, smiles_to_spectrum_recall:0.256590, spectrum_to_smiles_recall:0.247860, valid acc:0.957264
INFO:Epoch  86, train loss:1.409088
INFO:Epoch  86, eval loss:0.626615, smiles_to_spectrum_recall:0.257788, spectrum_to_smiles_recall:0.260527, valid acc:0.958690
INFO:Epoch  87, train loss:1.368153
INFO:Epoch  87, eval loss:0.576006, smiles_to_spectrum_recall:0.296816, spectrum_to_smiles_recall:0.284834, valid acc:0.962456
INFO:Epoch  88, train loss:1.334015
INFO:Epoch  88, eval loss:0.580769, smiles_to_spectrum_recall:0.290825, spectrum_to_smiles_recall:0.281924, valid acc:0.963483
INFO:Epoch  89, train loss:1.298326
INFO:Epoch  89, eval loss:0.563659, smiles_to_spectrum_recall:0.306060, spectrum_to_smiles_recall:0.299213, valid acc:0.961828
INFO:Epoch  90, train loss:1.266938
INFO:Epoch  90, eval loss:0.561410, smiles_to_spectrum_recall:0.290996, spectrum_to_smiles_recall:0.305204, valid acc:0.957492
INFO:Epoch  91, train loss:1.226712
INFO:Epoch  91, eval loss:0.521360, smiles_to_spectrum_recall:0.311195, spectrum_to_smiles_recall:0.316159, valid acc:0.963882
INFO:Epoch  92, train loss:1.206279
INFO:Epoch  92, eval loss:0.529414, smiles_to_spectrum_recall:0.311024, spectrum_to_smiles_recall:0.321979, valid acc:0.959603
INFO:Epoch  93, train loss:1.169725
INFO:Epoch  93, eval loss:0.504352, smiles_to_spectrum_recall:0.332078, spectrum_to_smiles_recall:0.336700, valid acc:0.959717
INFO:Epoch  94, train loss:1.128569
INFO:Epoch  94, eval loss:0.487115, smiles_to_spectrum_recall:0.339610, spectrum_to_smiles_recall:0.352961, valid acc:0.961086
INFO:Epoch  95, train loss:1.102670
INFO:Epoch  95, eval loss:0.463507, smiles_to_spectrum_recall:0.352277, spectrum_to_smiles_recall:0.358610, valid acc:0.966507
INFO:Epoch  96, train loss:1.068305
INFO:Epoch  96, eval loss:0.467139, smiles_to_spectrum_recall:0.344231, spectrum_to_smiles_recall:0.367853, valid acc:0.961086
INFO:Epoch  97, train loss:1.034446
INFO:Epoch  97, eval loss:0.427977, smiles_to_spectrum_recall:0.370935, spectrum_to_smiles_recall:0.381205, valid acc:0.967020
INFO:Epoch  98, train loss:1.007644
INFO:Epoch  98, eval loss:0.462660, smiles_to_spectrum_recall:0.373160, spectrum_to_smiles_recall:0.377782, valid acc:0.956179
INFO:Epoch  99, train loss:0.977203
INFO:Epoch  99, eval loss:0.426648, smiles_to_spectrum_recall:0.377610, spectrum_to_smiles_recall:0.401232, valid acc:0.961258
INFO:Epoch 100, train loss:0.952779
INFO:Epoch 100, eval loss:0.379915, smiles_to_spectrum_recall:0.394899, spectrum_to_smiles_recall:0.428107, valid acc:0.970843
INFO:Epoch 101, train loss:0.934606
INFO:Epoch 101, eval loss:0.377157, smiles_to_spectrum_recall:0.406197, spectrum_to_smiles_recall:0.420917, valid acc:0.969246
INFO:Epoch 102, train loss:0.899580
INFO:Epoch 102, eval loss:0.398002, smiles_to_spectrum_recall:0.407224, spectrum_to_smiles_recall:0.415098, valid acc:0.962342
INFO:Epoch 103, train loss:0.870579
INFO:Epoch 103, eval loss:0.394142, smiles_to_spectrum_recall:0.397467, spectrum_to_smiles_recall:0.430846, valid acc:0.959774
INFO:Epoch 104, train loss:0.851892
INFO:Epoch 104, eval loss:0.354986, smiles_to_spectrum_recall:0.435810, spectrum_to_smiles_recall:0.454125, valid acc:0.968276
INFO:Epoch 105, train loss:0.818458
INFO:Epoch 105, eval loss:0.334551, smiles_to_spectrum_recall:0.434783, spectrum_to_smiles_recall:0.472099, valid acc:0.968561
INFO:Epoch 106, train loss:0.804267
INFO:Epoch 106, eval loss:0.346543, smiles_to_spectrum_recall:0.450188, spectrum_to_smiles_recall:0.477405, valid acc:0.965023
INFO:Epoch 107, train loss:0.768034
INFO:Epoch 107, eval loss:0.314562, smiles_to_spectrum_recall:0.459089, spectrum_to_smiles_recall:0.499144, valid acc:0.970729
INFO:Epoch 108, train loss:0.750235
INFO:Epoch 108, eval loss:0.367798, smiles_to_spectrum_recall:0.441458, spectrum_to_smiles_recall:0.463711, valid acc:0.957435
INFO:Epoch 109, train loss:0.724805
INFO:Epoch 109, eval loss:0.313265, smiles_to_spectrum_recall:0.474837, spectrum_to_smiles_recall:0.503423, valid acc:0.968447
INFO:Epoch 110, train loss:0.705629
INFO:Epoch 110, eval loss:0.319173, smiles_to_spectrum_recall:0.482711, spectrum_to_smiles_recall:0.492468, valid acc:0.966450
INFO:Epoch 111, train loss:0.688644
INFO:Epoch 111, eval loss:0.296832, smiles_to_spectrum_recall:0.479801, spectrum_to_smiles_recall:0.514036, valid acc:0.969930
INFO:Epoch 112, train loss:0.667236
INFO:Epoch 112, eval loss:0.311139, smiles_to_spectrum_recall:0.490928, spectrum_to_smiles_recall:0.505820, valid acc:0.965195
INFO:Epoch 113, train loss:0.642027
INFO:Epoch 113, eval loss:0.278967, smiles_to_spectrum_recall:0.515063, spectrum_to_smiles_recall:0.536460, valid acc:0.969017
INFO:Epoch 114, train loss:0.626630
INFO:Epoch 114, eval loss:0.304379, smiles_to_spectrum_recall:0.502910, spectrum_to_smiles_recall:0.519172, valid acc:0.964053
INFO:Epoch 115, train loss:0.601719
INFO:Epoch 115, eval loss:0.259032, smiles_to_spectrum_recall:0.526361, spectrum_to_smiles_recall:0.560253, valid acc:0.971357
INFO:Epoch 116, train loss:0.591952
INFO:Epoch 116, eval loss:0.261001, smiles_to_spectrum_recall:0.525163, spectrum_to_smiles_recall:0.558199, valid acc:0.971015
INFO:Epoch 117, train loss:0.572044
INFO:Epoch 117, eval loss:0.251676, smiles_to_spectrum_recall:0.541595, spectrum_to_smiles_recall:0.575145, valid acc:0.969645
INFO:Epoch 118, train loss:0.557799
INFO:Epoch 118, eval loss:0.259534, smiles_to_spectrum_recall:0.529784, spectrum_to_smiles_recall:0.566244, valid acc:0.967762
INFO:Epoch 119, train loss:0.536220
INFO:Epoch 119, eval loss:0.237027, smiles_to_spectrum_recall:0.552037, spectrum_to_smiles_recall:0.583875, valid acc:0.971985
INFO:Epoch 120, train loss:0.521473
INFO:Epoch 120, eval loss:0.244860, smiles_to_spectrum_recall:0.554776, spectrum_to_smiles_recall:0.568641, valid acc:0.969417
INFO:Epoch 121, train loss:0.511836
INFO:Epoch 121, eval loss:0.245850, smiles_to_spectrum_recall:0.548613, spectrum_to_smiles_recall:0.580623, valid acc:0.968447
INFO:Epoch 122, train loss:0.487227
INFO:Epoch 122, eval loss:0.241228, smiles_to_spectrum_recall:0.555632, spectrum_to_smiles_recall:0.585758, valid acc:0.969246
INFO:Epoch 123, train loss:0.476044
INFO:Epoch 123, eval loss:0.238261, smiles_to_spectrum_recall:0.548956, spectrum_to_smiles_recall:0.588668, valid acc:0.970216
INFO:Epoch 124, train loss:0.462351
INFO:Epoch 124, eval loss:0.227094, smiles_to_spectrum_recall:0.571551, spectrum_to_smiles_recall:0.606470, valid acc:0.968903
INFO:Epoch 125, train loss:0.451959
INFO:Epoch 125, eval loss:0.219371, smiles_to_spectrum_recall:0.574803, spectrum_to_smiles_recall:0.612290, valid acc:0.970957
INFO:Epoch 126, train loss:0.443076
INFO:Epoch 126, eval loss:0.199674, smiles_to_spectrum_recall:0.592434, spectrum_to_smiles_recall:0.630092, valid acc:0.973696
INFO:Epoch 127, train loss:0.425465
INFO:Epoch 127, eval loss:0.215508, smiles_to_spectrum_recall:0.585929, spectrum_to_smiles_recall:0.616741, valid acc:0.968504
INFO:Epoch 128, train loss:0.413201
INFO:Epoch 128, eval loss:0.190186, smiles_to_spectrum_recall:0.585074, spectrum_to_smiles_recall:0.638651, valid acc:0.974609
INFO:Epoch 129, train loss:0.402189
INFO:Epoch 129, eval loss:0.208569, smiles_to_spectrum_recall:0.605443, spectrum_to_smiles_recall:0.623417, valid acc:0.967648
INFO:Epoch 130, train loss:0.391388
INFO:Epoch 130, eval loss:0.189376, smiles_to_spectrum_recall:0.607497, spectrum_to_smiles_recall:0.650976, valid acc:0.972099
INFO:Epoch 131, train loss:0.378667
INFO:Epoch 131, eval loss:0.186572, smiles_to_spectrum_recall:0.618795, spectrum_to_smiles_recall:0.646354, valid acc:0.973183
INFO:Epoch 132, train loss:0.366173
INFO:Epoch 132, eval loss:0.207460, smiles_to_spectrum_recall:0.617597, spectrum_to_smiles_recall:0.653543, valid acc:0.968960
INFO:Epoch 133, train loss:0.354373
INFO:Epoch 133, eval loss:0.191771, smiles_to_spectrum_recall:0.616056, spectrum_to_smiles_recall:0.654913, valid acc:0.971642
INFO:Epoch 134, train loss:0.346260
INFO:Epoch 134, eval loss:0.180931, smiles_to_spectrum_recall:0.620678, spectrum_to_smiles_recall:0.657309, valid acc:0.972840
INFO:Epoch 135, train loss:0.342367
INFO:Epoch 135, eval loss:0.169370, smiles_to_spectrum_recall:0.640534, spectrum_to_smiles_recall:0.673228, valid acc:0.973867
INFO:Epoch 136, train loss:0.323766
INFO:Epoch 136, eval loss:0.196828, smiles_to_spectrum_recall:0.620678, spectrum_to_smiles_recall:0.655084, valid acc:0.967420
INFO:Epoch 137, train loss:0.326084
INFO:Epoch 137, eval loss:0.190914, smiles_to_spectrum_recall:0.639678, spectrum_to_smiles_recall:0.665697, valid acc:0.966735
INFO:Epoch 138, train loss:0.303152
INFO:Epoch 138, eval loss:0.159451, smiles_to_spectrum_recall:0.655426, spectrum_to_smiles_recall:0.678706, valid acc:0.973982
INFO:Epoch 139, train loss:0.304495
INFO:Epoch 139, eval loss:0.171263, smiles_to_spectrum_recall:0.656111, spectrum_to_smiles_recall:0.686580, valid acc:0.972441
INFO:Epoch 140, train loss:0.298009
INFO:Epoch 140, eval loss:0.180995, smiles_to_spectrum_recall:0.649093, spectrum_to_smiles_recall:0.667580, valid acc:0.970330
INFO:Epoch 141, train loss:0.282905
INFO:Epoch 141, eval loss:0.186468, smiles_to_spectrum_recall:0.649093, spectrum_to_smiles_recall:0.681616, valid acc:0.968047
INFO:Epoch 142, train loss:0.274499
INFO:Epoch 142, eval loss:0.153469, smiles_to_spectrum_recall:0.650291, spectrum_to_smiles_recall:0.683499, valid acc:0.976036
INFO:Epoch 143, train loss:0.267843
INFO:Epoch 143, eval loss:0.164962, smiles_to_spectrum_recall:0.667066, spectrum_to_smiles_recall:0.687607, valid acc:0.970843
INFO:Epoch 144, train loss:0.265660
INFO:Epoch 144, eval loss:0.141656, smiles_to_spectrum_recall:0.675796, spectrum_to_smiles_recall:0.711571, valid acc:0.974495
INFO:Epoch 145, train loss:0.256510
INFO:Epoch 145, eval loss:0.169638, smiles_to_spectrum_recall:0.668949, spectrum_to_smiles_recall:0.703013, valid acc:0.969930
INFO:Epoch 146, train loss:0.247735
INFO:Epoch 146, eval loss:0.169660, smiles_to_spectrum_recall:0.671517, spectrum_to_smiles_recall:0.714824, valid acc:0.970159
INFO:Epoch 147, train loss:0.242806
INFO:Epoch 147, eval loss:0.160512, smiles_to_spectrum_recall:0.677337, spectrum_to_smiles_recall:0.701472, valid acc:0.971129
INFO:Epoch 148, train loss:0.236546
INFO:Epoch 148, eval loss:0.159141, smiles_to_spectrum_recall:0.679048, spectrum_to_smiles_recall:0.708319, valid acc:0.971414
INFO:Epoch 149, train loss:0.228982
INFO:Epoch 149, eval loss:0.166919, smiles_to_spectrum_recall:0.675454, spectrum_to_smiles_recall:0.697022, valid acc:0.969588
INFO:Epoch 150, train loss:0.227261
INFO:Epoch 150, eval loss:0.141938, smiles_to_spectrum_recall:0.699076, spectrum_to_smiles_recall:0.728346, valid acc:0.974210
INFO:Epoch 151, train loss:0.217827
INFO:Epoch 151, eval loss:0.162590, smiles_to_spectrum_recall:0.686580, spectrum_to_smiles_recall:0.710031, valid acc:0.969075
INFO:Epoch 152, train loss:0.210799
INFO:Epoch 152, eval loss:0.171388, smiles_to_spectrum_recall:0.687949, spectrum_to_smiles_recall:0.718247, valid acc:0.966222
INFO:Epoch 153, train loss:0.214373
INFO:Epoch 153, eval loss:0.159404, smiles_to_spectrum_recall:0.700445, spectrum_to_smiles_recall:0.727662, valid acc:0.968675
INFO:Epoch 154, train loss:0.207510
INFO:Epoch 154, eval loss:0.147615, smiles_to_spectrum_recall:0.709004, spectrum_to_smiles_recall:0.741698, valid acc:0.971015
INFO:Epoch 155, train loss:0.199576
INFO:Epoch 155, eval loss:0.134736, smiles_to_spectrum_recall:0.704211, spectrum_to_smiles_recall:0.747176, valid acc:0.975237
INFO:Epoch 156, train loss:0.197721
INFO:Epoch 156, eval loss:0.133203, smiles_to_spectrum_recall:0.712598, spectrum_to_smiles_recall:0.746149, valid acc:0.974837
INFO:Epoch 157, train loss:0.189483
INFO:Epoch 157, eval loss:0.138342, smiles_to_spectrum_recall:0.720301, spectrum_to_smiles_recall:0.750086, valid acc:0.973810
INFO:Epoch 158, train loss:0.185668
INFO:Epoch 158, eval loss:0.150923, smiles_to_spectrum_recall:0.717049, spectrum_to_smiles_recall:0.744950, valid acc:0.970672
INFO:Epoch 159, train loss:0.182819
INFO:Epoch 159, eval loss:0.147610, smiles_to_spectrum_recall:0.726121, spectrum_to_smiles_recall:0.753851, valid acc:0.969360
INFO:Epoch 160, train loss:0.177151
INFO:Epoch 160, eval loss:0.154660, smiles_to_spectrum_recall:0.721842, spectrum_to_smiles_recall:0.748545, valid acc:0.968789
INFO:Epoch 161, train loss:0.173190
INFO:Epoch 161, eval loss:0.178063, smiles_to_spectrum_recall:0.713625, spectrum_to_smiles_recall:0.729374, valid acc:0.962456
INFO:Epoch 162, train loss:0.172360
INFO:Epoch 162, eval loss:0.173907, smiles_to_spectrum_recall:0.701814, spectrum_to_smiles_recall:0.720644, valid acc:0.965195
INFO:Epoch 163, train loss:0.165786
INFO:Epoch 163, eval loss:0.135222, smiles_to_spectrum_recall:0.728346, spectrum_to_smiles_recall:0.761897, valid acc:0.973183
INFO:Epoch 164, train loss:0.161197
INFO:Epoch 164, eval loss:0.154802, smiles_to_spectrum_recall:0.720815, spectrum_to_smiles_recall:0.753851, valid acc:0.967135
INFO:Epoch 165, train loss:0.157972
INFO:Epoch 165, eval loss:0.156948, smiles_to_spectrum_recall:0.726635, spectrum_to_smiles_recall:0.752482, valid acc:0.968219
INFO:Epoch 166, train loss:0.162334
INFO:Epoch 166, eval loss:0.143180, smiles_to_spectrum_recall:0.734166, spectrum_to_smiles_recall:0.760014, valid acc:0.969759
INFO:Epoch 167, train loss:0.150459
INFO:Epoch 167, eval loss:0.140054, smiles_to_spectrum_recall:0.744094, spectrum_to_smiles_recall:0.769942, valid acc:0.971585
INFO:Epoch 168, train loss:0.155258
INFO:Epoch 168, eval loss:0.142964, smiles_to_spectrum_recall:0.733995, spectrum_to_smiles_recall:0.759329, valid acc:0.969816
INFO:Epoch 169, train loss:0.149939
INFO:Epoch 169, eval loss:0.135723, smiles_to_spectrum_recall:0.738446, spectrum_to_smiles_recall:0.780212, valid acc:0.970558
INFO:Epoch 170, train loss:0.147650
INFO:Epoch 170, eval loss:0.130391, smiles_to_spectrum_recall:0.751113, spectrum_to_smiles_recall:0.780383, valid acc:0.973297
INFO:Epoch 171, train loss:0.138914
INFO:Epoch 171, eval loss:0.141730, smiles_to_spectrum_recall:0.755221, spectrum_to_smiles_recall:0.772852, valid acc:0.970786
INFO:Epoch 172, train loss:0.138397
INFO:Epoch 172, eval loss:0.144312, smiles_to_spectrum_recall:0.748545, spectrum_to_smiles_recall:0.769086, valid acc:0.970159
INFO:Epoch 173, train loss:0.136422
INFO:Epoch 173, eval loss:0.159898, smiles_to_spectrum_recall:0.754023, spectrum_to_smiles_recall:0.768230, valid acc:0.965023
INFO:Epoch 174, train loss:0.134877
INFO:Epoch 174, eval loss:0.131634, smiles_to_spectrum_recall:0.752482, spectrum_to_smiles_recall:0.787230, valid acc:0.971186
INFO:Epoch 175, train loss:0.129776
INFO:Epoch 175, eval loss:0.190576, smiles_to_spectrum_recall:0.746320, spectrum_to_smiles_recall:0.770284, valid acc:0.957264
INFO:Epoch 176, train loss:0.127670
INFO:Epoch 176, eval loss:0.136894, smiles_to_spectrum_recall:0.750770, spectrum_to_smiles_recall:0.772509, valid acc:0.970558
INFO:Epoch 177, train loss:0.125867
INFO:Epoch 177, eval loss:0.120355, smiles_to_spectrum_recall:0.759158, spectrum_to_smiles_recall:0.783293, valid acc:0.974780
INFO:Epoch 178, train loss:0.127188
INFO:Epoch 178, eval loss:0.119665, smiles_to_spectrum_recall:0.767888, spectrum_to_smiles_recall:0.795104, valid acc:0.973982
INFO:Epoch 179, train loss:0.122038
INFO:Epoch 179, eval loss:0.130320, smiles_to_spectrum_recall:0.759671, spectrum_to_smiles_recall:0.785176, valid acc:0.972612
INFO:Epoch 180, train loss:0.118548
INFO:Epoch 180, eval loss:0.118590, smiles_to_spectrum_recall:0.771482, spectrum_to_smiles_recall:0.802294, valid acc:0.974381
INFO:Epoch 181, train loss:0.115944
INFO:Epoch 181, eval loss:0.129746, smiles_to_spectrum_recall:0.757960, spectrum_to_smiles_recall:0.798699, valid acc:0.973012
INFO:Epoch 182, train loss:0.121038
INFO:Epoch 182, eval loss:0.111033, smiles_to_spectrum_recall:0.768744, spectrum_to_smiles_recall:0.791167, valid acc:0.974723
INFO:Epoch 183, train loss:0.117133
INFO:Epoch 183, eval loss:0.142336, smiles_to_spectrum_recall:0.759843, spectrum_to_smiles_recall:0.791852, valid acc:0.966906
INFO:Epoch 184, train loss:0.117762
INFO:Epoch 184, eval loss:0.122668, smiles_to_spectrum_recall:0.759671, spectrum_to_smiles_recall:0.792366, valid acc:0.972213
INFO:Epoch 185, train loss:0.113183
INFO:Epoch 185, eval loss:0.125777, smiles_to_spectrum_recall:0.777816, spectrum_to_smiles_recall:0.805717, valid acc:0.971699
INFO:Epoch 186, train loss:0.112803
INFO:Epoch 186, eval loss:0.143178, smiles_to_spectrum_recall:0.763095, spectrum_to_smiles_recall:0.779356, valid acc:0.968047
INFO:Epoch 187, train loss:0.106905
INFO:Epoch 187, eval loss:0.128901, smiles_to_spectrum_recall:0.773879, spectrum_to_smiles_recall:0.793221, valid acc:0.970102
INFO:Epoch 188, train loss:0.105624
INFO:Epoch 188, eval loss:0.134963, smiles_to_spectrum_recall:0.769257, spectrum_to_smiles_recall:0.801096, valid acc:0.969987
INFO:Epoch 189, train loss:0.105663
INFO:Epoch 189, eval loss:0.117581, smiles_to_spectrum_recall:0.778329, spectrum_to_smiles_recall:0.799384, valid acc:0.973354
INFO:Epoch 190, train loss:0.106253
INFO:Epoch 190, eval loss:0.136069, smiles_to_spectrum_recall:0.780041, spectrum_to_smiles_recall:0.811366, valid acc:0.968390
INFO:Epoch 191, train loss:0.101488
INFO:Epoch 191, eval loss:0.093506, smiles_to_spectrum_recall:0.779356, spectrum_to_smiles_recall:0.817871, valid acc:0.979231
INFO:Epoch 192, train loss:0.098933
INFO:Epoch 192, eval loss:0.107109, smiles_to_spectrum_recall:0.783636, spectrum_to_smiles_recall:0.809825, valid acc:0.975864
INFO:Epoch 193, train loss:0.101873
INFO:Epoch 193, eval loss:0.149983, smiles_to_spectrum_recall:0.770113, spectrum_to_smiles_recall:0.782095, valid acc:0.965765
INFO:Epoch 194, train loss:0.098978
INFO:Epoch 194, eval loss:0.110143, smiles_to_spectrum_recall:0.782095, spectrum_to_smiles_recall:0.802807, valid acc:0.975522
INFO:Epoch 195, train loss:0.096232
INFO:Epoch 195, eval loss:0.123900, smiles_to_spectrum_recall:0.774564, spectrum_to_smiles_recall:0.801609, valid acc:0.971813
INFO:Epoch 196, train loss:0.091635
INFO:Epoch 196, eval loss:0.125467, smiles_to_spectrum_recall:0.787744, spectrum_to_smiles_recall:0.812051, valid acc:0.971699
INFO:Epoch 197, train loss:0.091190
INFO:Epoch 197, eval loss:0.116333, smiles_to_spectrum_recall:0.787059, spectrum_to_smiles_recall:0.807942, valid acc:0.974552
INFO:Epoch 198, train loss:0.091522
INFO:Epoch 198, eval loss:0.131308, smiles_to_spectrum_recall:0.791852, spectrum_to_smiles_recall:0.804690, valid acc:0.970330
INFO:Epoch 199, train loss:0.090267
INFO:Epoch 199, eval loss:0.112355, smiles_to_spectrum_recall:0.791510, spectrum_to_smiles_recall:0.821294, valid acc:0.974267
INFO:Epoch 200, train loss:0.091746
INFO:Epoch 200, eval loss:0.118672, smiles_to_spectrum_recall:0.789798, spectrum_to_smiles_recall:0.823006, valid acc:0.972441
INFO:Epoch 201, train loss:0.086111
INFO:Epoch 201, eval loss:0.162189, smiles_to_spectrum_recall:0.779014, spectrum_to_smiles_recall:0.793050, valid acc:0.961885
INFO:Epoch 202, train loss:0.087219
INFO:Epoch 202, eval loss:0.147522, smiles_to_spectrum_recall:0.787230, spectrum_to_smiles_recall:0.816159, valid acc:0.967020
INFO:Epoch 203, train loss:0.086784
INFO:Epoch 203, eval loss:0.122149, smiles_to_spectrum_recall:0.802636, spectrum_to_smiles_recall:0.828141, valid acc:0.971129
INFO:Epoch 204, train loss:0.082951
INFO:Epoch 204, eval loss:0.123357, smiles_to_spectrum_recall:0.792194, spectrum_to_smiles_recall:0.811879, valid acc:0.970900
INFO:Epoch 205, train loss:0.084385
INFO:Epoch 205, eval loss:0.128407, smiles_to_spectrum_recall:0.795789, spectrum_to_smiles_recall:0.823862, valid acc:0.970501
INFO:Epoch 206, train loss:0.082774
INFO:Epoch 206, eval loss:0.138482, smiles_to_spectrum_recall:0.796816, spectrum_to_smiles_recall:0.819240, valid acc:0.968504
INFO:Epoch 207, train loss:0.079806
INFO:Epoch 207, eval loss:0.135678, smiles_to_spectrum_recall:0.793906, spectrum_to_smiles_recall:0.818898, valid acc:0.969645
INFO:Epoch 208, train loss:0.078278
INFO:Epoch 208, eval loss:0.120554, smiles_to_spectrum_recall:0.793906, spectrum_to_smiles_recall:0.822835, valid acc:0.973012
INFO:Epoch 209, train loss:0.077763
INFO:Epoch 209, eval loss:0.112889, smiles_to_spectrum_recall:0.801438, spectrum_to_smiles_recall:0.828997, valid acc:0.973924
INFO:Epoch 210, train loss:0.080623
INFO:Epoch 210, eval loss:0.126267, smiles_to_spectrum_recall:0.797672, spectrum_to_smiles_recall:0.826772, valid acc:0.972441
INFO:Epoch 211, train loss:0.080164
INFO:Epoch 211, eval loss:0.114332, smiles_to_spectrum_recall:0.803492, spectrum_to_smiles_recall:0.836871, valid acc:0.971870
INFO:Epoch 212, train loss:0.080374
INFO:Epoch 212, eval loss:0.116149, smiles_to_spectrum_recall:0.798528, spectrum_to_smiles_recall:0.823691, valid acc:0.972555
INFO:Epoch 213, train loss:0.076987
INFO:Epoch 213, eval loss:0.105104, smiles_to_spectrum_recall:0.805033, spectrum_to_smiles_recall:0.838583, valid acc:0.973411
INFO:Epoch 214, train loss:0.073294
INFO:Epoch 214, eval loss:0.127331, smiles_to_spectrum_recall:0.804519, spectrum_to_smiles_recall:0.836186, valid acc:0.967534
INFO:Epoch 215, train loss:0.071889
INFO:Epoch 215, eval loss:0.128775, smiles_to_spectrum_recall:0.799041, spectrum_to_smiles_recall:0.822321, valid acc:0.969816
INFO:Epoch 216, train loss:0.070229
INFO:Epoch 216, eval loss:0.107718, smiles_to_spectrum_recall:0.799555, spectrum_to_smiles_recall:0.827456, valid acc:0.973012
INFO:Epoch 217, train loss:0.074604
INFO:Epoch 217, eval loss:0.131930, smiles_to_spectrum_recall:0.798014, spectrum_to_smiles_recall:0.833276, valid acc:0.969246
INFO:Epoch 218, train loss:0.077193
INFO:Epoch 218, eval loss:0.113355, smiles_to_spectrum_recall:0.807942, spectrum_to_smiles_recall:0.824375, valid acc:0.972498
INFO:Epoch 219, train loss:0.076731
INFO:Epoch 219, eval loss:0.114656, smiles_to_spectrum_recall:0.810510, spectrum_to_smiles_recall:0.836357, valid acc:0.970957
INFO:Epoch 220, train loss:0.073659
INFO:Epoch 220, eval loss:0.117138, smiles_to_spectrum_recall:0.815817, spectrum_to_smiles_recall:0.820267, valid acc:0.972270
INFO:Epoch 221, train loss:0.070788
INFO:Epoch 221, eval loss:0.115032, smiles_to_spectrum_recall:0.814618, spectrum_to_smiles_recall:0.840979, valid acc:0.972840
INFO:Epoch 222, train loss:0.068676
INFO:Epoch 222, eval loss:0.120255, smiles_to_spectrum_recall:0.804005, spectrum_to_smiles_recall:0.833276, valid acc:0.971813
INFO:Epoch 223, train loss:0.067109
INFO:Epoch 223, eval loss:0.130646, smiles_to_spectrum_recall:0.804519, spectrum_to_smiles_recall:0.827970, valid acc:0.970159
INFO:Epoch 224, train loss:0.069357
INFO:Epoch 224, eval loss:0.131271, smiles_to_spectrum_recall:0.813934, spectrum_to_smiles_recall:0.835844, valid acc:0.969816
INFO:Epoch 225, train loss:0.064857
INFO:Epoch 225, eval loss:0.152793, smiles_to_spectrum_recall:0.805033, spectrum_to_smiles_recall:0.826600, valid acc:0.963711
INFO:Epoch 226, train loss:0.068612
INFO:Epoch 226, eval loss:0.122831, smiles_to_spectrum_recall:0.820781, spectrum_to_smiles_recall:0.840808, valid acc:0.971243
INFO:Epoch 227, train loss:0.067031
INFO:Epoch 227, eval loss:0.115562, smiles_to_spectrum_recall:0.815132, spectrum_to_smiles_recall:0.843376, valid acc:0.973126
INFO:Epoch 228, train loss:0.065310
INFO:Epoch 228, eval loss:0.100374, smiles_to_spectrum_recall:0.814276, spectrum_to_smiles_recall:0.845943, valid acc:0.975009
INFO:Epoch 229, train loss:0.068010
INFO:Epoch 229, eval loss:0.128268, smiles_to_spectrum_recall:0.809825, spectrum_to_smiles_recall:0.832078, valid acc:0.969873
INFO:Epoch 230, train loss:0.064041
INFO:Epoch 230, eval loss:0.122421, smiles_to_spectrum_recall:0.820096, spectrum_to_smiles_recall:0.833276, valid acc:0.970786
INFO:Epoch 231, train loss:0.064214
INFO:Epoch 231, eval loss:0.128246, smiles_to_spectrum_recall:0.814105, spectrum_to_smiles_recall:0.836700, valid acc:0.969702
INFO:Epoch 232, train loss:0.062581
INFO:Epoch 232, eval loss:0.117748, smiles_to_spectrum_recall:0.817528, spectrum_to_smiles_recall:0.825916, valid acc:0.973240
INFO:Epoch 233, train loss:0.066353
INFO:Epoch 233, eval loss:0.129821, smiles_to_spectrum_recall:0.806744, spectrum_to_smiles_recall:0.833619, valid acc:0.968960
INFO:Epoch 234, train loss:0.061692
INFO:Epoch 234, eval loss:0.119261, smiles_to_spectrum_recall:0.816330, spectrum_to_smiles_recall:0.846114, valid acc:0.971471
INFO:Epoch 235, train loss:0.063468
INFO:Epoch 235, eval loss:0.125433, smiles_to_spectrum_recall:0.813420, spectrum_to_smiles_recall:0.834474, valid acc:0.970786
INFO:Epoch 236, train loss:0.060369
INFO:Epoch 236, eval loss:0.108063, smiles_to_spectrum_recall:0.814618, spectrum_to_smiles_recall:0.838069, valid acc:0.974096
INFO:Epoch 237, train loss:0.059351
INFO:Epoch 237, eval loss:0.112848, smiles_to_spectrum_recall:0.827114, spectrum_to_smiles_recall:0.851763, valid acc:0.972840
INFO:Epoch 238, train loss:0.058198
INFO:Epoch 238, eval loss:0.122170, smiles_to_spectrum_recall:0.825060, spectrum_to_smiles_recall:0.843204, valid acc:0.970615
INFO:Epoch 239, train loss:0.060077
INFO:Epoch 239, eval loss:0.121313, smiles_to_spectrum_recall:0.819411, spectrum_to_smiles_recall:0.849709, valid acc:0.970501
INFO:Epoch 240, train loss:0.057908
INFO:Epoch 240, eval loss:0.127653, smiles_to_spectrum_recall:0.818213, spectrum_to_smiles_recall:0.848682, valid acc:0.970045
INFO:Epoch 241, train loss:0.060158
INFO:Epoch 241, eval loss:0.116734, smiles_to_spectrum_recall:0.814105, spectrum_to_smiles_recall:0.845430, valid acc:0.973297
INFO:Epoch 242, train loss:0.057427
INFO:Epoch 242, eval loss:0.113147, smiles_to_spectrum_recall:0.823348, spectrum_to_smiles_recall:0.846286, valid acc:0.973982
INFO:Epoch 243, train loss:0.058088
INFO:Epoch 243, eval loss:0.105150, smiles_to_spectrum_recall:0.828997, spectrum_to_smiles_recall:0.851078, valid acc:0.974780
INFO:Epoch 244, train loss:0.053112
INFO:Epoch 244, eval loss:0.138067, smiles_to_spectrum_recall:0.819754, spectrum_to_smiles_recall:0.841150, valid acc:0.966450
INFO:Epoch 245, train loss:0.061888
INFO:Epoch 245, eval loss:0.118724, smiles_to_spectrum_recall:0.819069, spectrum_to_smiles_recall:0.842520, valid acc:0.971072
INFO:Epoch 246, train loss:0.055560
INFO:Epoch 246, eval loss:0.131017, smiles_to_spectrum_recall:0.821979, spectrum_to_smiles_recall:0.846628, valid acc:0.969816
INFO:Epoch 247, train loss:0.055109
INFO:Epoch 247, eval loss:0.107234, smiles_to_spectrum_recall:0.817871, spectrum_to_smiles_recall:0.842006, valid acc:0.974153
INFO:Epoch 248, train loss:0.056934
INFO:Epoch 248, eval loss:0.106765, smiles_to_spectrum_recall:0.820267, spectrum_to_smiles_recall:0.848511, valid acc:0.974552
INFO:Epoch 249, train loss:0.054438
INFO:Epoch 249, eval loss:0.117327, smiles_to_spectrum_recall:0.822663, spectrum_to_smiles_recall:0.841664, valid acc:0.971756
INFO:Epoch 250, train loss:0.052556
INFO:Epoch 250, eval loss:0.114819, smiles_to_spectrum_recall:0.830195, spectrum_to_smiles_recall:0.853817, valid acc:0.974267
INFO:Epoch 251, train loss:0.053360
INFO:Epoch 251, eval loss:0.145736, smiles_to_spectrum_recall:0.829510, spectrum_to_smiles_recall:0.841664, valid acc:0.966849
INFO:Epoch 252, train loss:0.053313
INFO:Epoch 252, eval loss:0.137906, smiles_to_spectrum_recall:0.828655, spectrum_to_smiles_recall:0.847997, valid acc:0.968162
INFO:Epoch 253, train loss:0.054371
INFO:Epoch 253, eval loss:0.138381, smiles_to_spectrum_recall:0.819069, spectrum_to_smiles_recall:0.847484, valid acc:0.967020
INFO:Epoch 254, train loss:0.055242
INFO:Epoch 254, eval loss:0.129200, smiles_to_spectrum_recall:0.831051, spectrum_to_smiles_recall:0.850394, valid acc:0.970387
INFO:Epoch 255, train loss:0.053695
INFO:Epoch 255, eval loss:0.108258, smiles_to_spectrum_recall:0.819240, spectrum_to_smiles_recall:0.850223, valid acc:0.974096
INFO:Epoch 256, train loss:0.054632
INFO:Epoch 256, eval loss:0.128598, smiles_to_spectrum_recall:0.835502, spectrum_to_smiles_recall:0.844231, valid acc:0.968390
INFO:Epoch 257, train loss:0.053868
INFO:Epoch 257, eval loss:0.118383, smiles_to_spectrum_recall:0.833447, spectrum_to_smiles_recall:0.860322, valid acc:0.972156
INFO:Epoch 258, train loss:0.050036
INFO:Epoch 258, eval loss:0.134062, smiles_to_spectrum_recall:0.830880, spectrum_to_smiles_recall:0.852105, valid acc:0.965879
INFO:Epoch 259, train loss:0.052436
INFO:Epoch 259, eval loss:0.114149, smiles_to_spectrum_recall:0.829339, spectrum_to_smiles_recall:0.853817, valid acc:0.972555
INFO:Epoch 260, train loss:0.053709
INFO:Epoch 260, eval loss:0.127491, smiles_to_spectrum_recall:0.828997, spectrum_to_smiles_recall:0.842177, valid acc:0.967876
INFO:Epoch 261, train loss:0.049712
INFO:Epoch 261, eval loss:0.106890, smiles_to_spectrum_recall:0.840637, spectrum_to_smiles_recall:0.856556, valid acc:0.972498
INFO:Epoch 262, train loss:0.051025
INFO:Epoch 262, eval loss:0.136346, smiles_to_spectrum_recall:0.823519, spectrum_to_smiles_recall:0.837213, valid acc:0.968675
INFO:Epoch 263, train loss:0.050768
INFO:Epoch 263, eval loss:0.135678, smiles_to_spectrum_recall:0.821465, spectrum_to_smiles_recall:0.855700, valid acc:0.968903
INFO:Epoch 264, train loss:0.050636
INFO:Epoch 264, eval loss:0.113051, smiles_to_spectrum_recall:0.828997, spectrum_to_smiles_recall:0.855700, valid acc:0.973183
INFO:Epoch 265, train loss:0.048817
INFO:Epoch 265, eval loss:0.110280, smiles_to_spectrum_recall:0.830709, spectrum_to_smiles_recall:0.849195, valid acc:0.972498
INFO:Epoch 266, train loss:0.050374
INFO:Epoch 266, eval loss:0.134580, smiles_to_spectrum_recall:0.832420, spectrum_to_smiles_recall:0.849880, valid acc:0.967762
INFO:Epoch 267, train loss:0.046597
INFO:Epoch 267, eval loss:0.143584, smiles_to_spectrum_recall:0.831222, spectrum_to_smiles_recall:0.846970, valid acc:0.967705
INFO:Epoch 268, train loss:0.050257
INFO:Epoch 268, eval loss:0.113476, smiles_to_spectrum_recall:0.837384, spectrum_to_smiles_recall:0.853132, valid acc:0.973525
INFO:Epoch 269, train loss:0.049530
INFO:Epoch 269, eval loss:0.114923, smiles_to_spectrum_recall:0.832934, spectrum_to_smiles_recall:0.859637, valid acc:0.971870
INFO:Epoch 270, train loss:0.048088
INFO:Epoch 270, eval loss:0.143381, smiles_to_spectrum_recall:0.824889, spectrum_to_smiles_recall:0.843889, valid acc:0.967876
INFO:Epoch 271, train loss:0.046639
INFO:Epoch 271, eval loss:0.125612, smiles_to_spectrum_recall:0.821979, spectrum_to_smiles_recall:0.853475, valid acc:0.970957
INFO:Epoch 272, train loss:0.047988
INFO:Epoch 272, eval loss:0.125413, smiles_to_spectrum_recall:0.829168, spectrum_to_smiles_recall:0.850907, valid acc:0.971699
INFO:Epoch 273, train loss:0.046732
INFO:Epoch 273, eval loss:0.106448, smiles_to_spectrum_recall:0.840466, spectrum_to_smiles_recall:0.862376, valid acc:0.972840
INFO:Epoch 274, train loss:0.047573
INFO:Epoch 274, eval loss:0.127223, smiles_to_spectrum_recall:0.837213, spectrum_to_smiles_recall:0.856214, valid acc:0.969873
INFO:Epoch 275, train loss:0.047776
INFO:Epoch 275, eval loss:0.109798, smiles_to_spectrum_recall:0.834132, spectrum_to_smiles_recall:0.857754, valid acc:0.972840
INFO:Epoch 276, train loss:0.043979
INFO:Epoch 276, eval loss:0.123987, smiles_to_spectrum_recall:0.839952, spectrum_to_smiles_recall:0.865457, valid acc:0.968903
INFO:Epoch 277, train loss:0.045001
INFO:Epoch 277, eval loss:0.113556, smiles_to_spectrum_recall:0.849195, spectrum_to_smiles_recall:0.874016, valid acc:0.972384
INFO:Epoch 278, train loss:0.046552
INFO:Epoch 278, eval loss:0.124164, smiles_to_spectrum_recall:0.836186, spectrum_to_smiles_recall:0.856898, valid acc:0.968903
INFO:Epoch 279, train loss:0.046384
INFO:Epoch 279, eval loss:0.109711, smiles_to_spectrum_recall:0.835330, spectrum_to_smiles_recall:0.858439, valid acc:0.973411
INFO:Epoch 280, train loss:0.047594
INFO:Epoch 280, eval loss:0.113028, smiles_to_spectrum_recall:0.835159, spectrum_to_smiles_recall:0.860322, valid acc:0.973069
INFO:Epoch 281, train loss:0.043409
INFO:Epoch 281, eval loss:0.136800, smiles_to_spectrum_recall:0.835502, spectrum_to_smiles_recall:0.855529, valid acc:0.968504
INFO:Epoch 282, train loss:0.043290
INFO:Epoch 282, eval loss:0.133919, smiles_to_spectrum_recall:0.833790, spectrum_to_smiles_recall:0.862889, valid acc:0.969189
INFO:Epoch 283, train loss:0.045835
INFO:Epoch 283, eval loss:0.127528, smiles_to_spectrum_recall:0.832420, spectrum_to_smiles_recall:0.868538, valid acc:0.969816
INFO:Epoch 284, train loss:0.042307
INFO:Epoch 284, eval loss:0.108689, smiles_to_spectrum_recall:0.833961, spectrum_to_smiles_recall:0.860322, valid acc:0.974837
INFO:Epoch 285, train loss:0.044770
INFO:Epoch 285, eval loss:0.135903, smiles_to_spectrum_recall:0.844403, spectrum_to_smiles_recall:0.854673, valid acc:0.969645
INFO:Epoch 286, train loss:0.045408
INFO:Epoch 286, eval loss:0.147403, smiles_to_spectrum_recall:0.824546, spectrum_to_smiles_recall:0.843889, valid acc:0.966906
INFO:Epoch 287, train loss:0.045534
INFO:Epoch 287, eval loss:0.134035, smiles_to_spectrum_recall:0.835159, spectrum_to_smiles_recall:0.856042, valid acc:0.967078
INFO:Epoch 288, train loss:0.044071
INFO:Epoch 288, eval loss:0.134443, smiles_to_spectrum_recall:0.835159, spectrum_to_smiles_recall:0.855015, valid acc:0.969303
INFO:Epoch 289, train loss:0.040818
INFO:Epoch 289, eval loss:0.114206, smiles_to_spectrum_recall:0.841150, spectrum_to_smiles_recall:0.865286, valid acc:0.971015
INFO:Epoch 290, train loss:0.043839
INFO:Epoch 290, eval loss:0.109727, smiles_to_spectrum_recall:0.850051, spectrum_to_smiles_recall:0.869394, valid acc:0.974153
INFO:Epoch 291, train loss:0.042344
INFO:Epoch 291, eval loss:0.144950, smiles_to_spectrum_recall:0.838583, spectrum_to_smiles_recall:0.853475, valid acc:0.965993
INFO:Epoch 292, train loss:0.042905
INFO:Epoch 292, eval loss:0.118898, smiles_to_spectrum_recall:0.847484, spectrum_to_smiles_recall:0.868025, valid acc:0.971756
INFO:Epoch 293, train loss:0.045151
INFO:Epoch 293, eval loss:0.126245, smiles_to_spectrum_recall:0.837898, spectrum_to_smiles_recall:0.857754, valid acc:0.969474
INFO:Epoch 294, train loss:0.039604
INFO:Epoch 294, eval loss:0.120106, smiles_to_spectrum_recall:0.843033, spectrum_to_smiles_recall:0.858952, valid acc:0.970045
INFO:Epoch 295, train loss:0.041410
INFO:Epoch 295, eval loss:0.129357, smiles_to_spectrum_recall:0.840466, spectrum_to_smiles_recall:0.867853, valid acc:0.970501
INFO:Epoch 296, train loss:0.041998
INFO:Epoch 296, eval loss:0.114132, smiles_to_spectrum_recall:0.840294, spectrum_to_smiles_recall:0.860151, valid acc:0.971985
INFO:Epoch 297, train loss:0.039583
INFO:Epoch 297, eval loss:0.134472, smiles_to_spectrum_recall:0.843033, spectrum_to_smiles_recall:0.861349, valid acc:0.967534
INFO:Epoch 298, train loss:0.042497
INFO:Epoch 298, eval loss:0.113417, smiles_to_spectrum_recall:0.829339, spectrum_to_smiles_recall:0.863745, valid acc:0.974324
INFO:Epoch 299, train loss:0.043064
INFO:Epoch 299, eval loss:0.100320, smiles_to_spectrum_recall:0.852619, spectrum_to_smiles_recall:0.865799, valid acc:0.975294
INFO:Epoch 300, train loss:0.039780
INFO:Epoch 300, eval loss:0.135107, smiles_to_spectrum_recall:0.842349, spectrum_to_smiles_recall:0.864088, valid acc:0.968675
INFO:Epoch 301, train loss:0.038070
INFO:Epoch 301, eval loss:0.120443, smiles_to_spectrum_recall:0.843033, spectrum_to_smiles_recall:0.872133, valid acc:0.969360
INFO:Epoch 302, train loss:0.038114
INFO:Epoch 302, eval loss:0.138658, smiles_to_spectrum_recall:0.841493, spectrum_to_smiles_recall:0.867340, valid acc:0.965309
INFO:Epoch 303, train loss:0.038110
INFO:Epoch 303, eval loss:0.127844, smiles_to_spectrum_recall:0.832420, spectrum_to_smiles_recall:0.856898, valid acc:0.970387
INFO:Epoch 304, train loss:0.036191
INFO:Epoch 304, eval loss:0.111007, smiles_to_spectrum_recall:0.841150, spectrum_to_smiles_recall:0.869736, valid acc:0.970672
INFO:Epoch 305, train loss:0.041073
INFO:Epoch 305, eval loss:0.110637, smiles_to_spectrum_recall:0.838583, spectrum_to_smiles_recall:0.853132, valid acc:0.970900
INFO:Epoch 306, train loss:0.037524
INFO:Epoch 306, eval loss:0.112728, smiles_to_spectrum_recall:0.845087, spectrum_to_smiles_recall:0.868538, valid acc:0.972669
INFO:Epoch 307, train loss:0.038189
INFO:Epoch 307, eval loss:0.114130, smiles_to_spectrum_recall:0.850051, spectrum_to_smiles_recall:0.869908, valid acc:0.973069
INFO:Epoch 308, train loss:0.039157
INFO:Epoch 308, eval loss:0.129578, smiles_to_spectrum_recall:0.844231, spectrum_to_smiles_recall:0.865971, valid acc:0.969645
INFO:Epoch 309, train loss:0.037054
INFO:Epoch 309, eval loss:0.119874, smiles_to_spectrum_recall:0.842520, spectrum_to_smiles_recall:0.851934, valid acc:0.969360
INFO:Epoch 310, train loss:0.038494
INFO:Epoch 310, eval loss:0.125605, smiles_to_spectrum_recall:0.839781, spectrum_to_smiles_recall:0.867169, valid acc:0.972099
INFO:Epoch 311, train loss:0.038804
INFO:Epoch 311, eval loss:0.111243, smiles_to_spectrum_recall:0.850736, spectrum_to_smiles_recall:0.866142, valid acc:0.971585
INFO:Epoch 312, train loss:0.037162
INFO:Epoch 312, eval loss:0.113842, smiles_to_spectrum_recall:0.842862, spectrum_to_smiles_recall:0.866826, valid acc:0.972156
INFO:Epoch 313, train loss:0.038439
INFO:Epoch 313, eval loss:0.105658, smiles_to_spectrum_recall:0.842862, spectrum_to_smiles_recall:0.860322, valid acc:0.973069
INFO:Epoch 314, train loss:0.034671
INFO:Epoch 314, eval loss:0.107532, smiles_to_spectrum_recall:0.847313, spectrum_to_smiles_recall:0.871277, valid acc:0.973582
INFO:Epoch 315, train loss:0.037235
INFO:Epoch 315, eval loss:0.113154, smiles_to_spectrum_recall:0.850736, spectrum_to_smiles_recall:0.870250, valid acc:0.972384
INFO:Epoch 316, train loss:0.039356
INFO:Epoch 316, eval loss:0.124029, smiles_to_spectrum_recall:0.849367, spectrum_to_smiles_recall:0.872304, valid acc:0.971243
INFO:Epoch 317, train loss:0.037923
INFO:Epoch 317, eval loss:0.117084, smiles_to_spectrum_recall:0.844403, spectrum_to_smiles_recall:0.861520, valid acc:0.972099
INFO:Epoch 318, train loss:0.036632
INFO:Epoch 318, eval loss:0.132043, smiles_to_spectrum_recall:0.838240, spectrum_to_smiles_recall:0.861691, valid acc:0.969360
INFO:Epoch 319, train loss:0.038718
INFO:Epoch 319, eval loss:0.096911, smiles_to_spectrum_recall:0.849195, spectrum_to_smiles_recall:0.871619, valid acc:0.975979
INFO:Epoch 320, train loss:0.036754
INFO:Epoch 320, eval loss:0.114455, smiles_to_spectrum_recall:0.852105, spectrum_to_smiles_recall:0.868196, valid acc:0.972954
INFO:Epoch 321, train loss:0.038683
INFO:Epoch 321, eval loss:0.102223, smiles_to_spectrum_recall:0.851078, spectrum_to_smiles_recall:0.875385, valid acc:0.976321
INFO:Epoch 322, train loss:0.040196
INFO:Epoch 322, eval loss:0.141958, smiles_to_spectrum_recall:0.846286, spectrum_to_smiles_recall:0.861520, valid acc:0.967819
INFO:Epoch 323, train loss:0.036760
INFO:Epoch 323, eval loss:0.142508, smiles_to_spectrum_recall:0.845772, spectrum_to_smiles_recall:0.867853, valid acc:0.965195
INFO:Epoch 324, train loss:0.034160
INFO:Epoch 324, eval loss:0.126576, smiles_to_spectrum_recall:0.853646, spectrum_to_smiles_recall:0.875043, valid acc:0.969303
INFO:Epoch 325, train loss:0.034684
INFO:Epoch 325, eval loss:0.124090, smiles_to_spectrum_recall:0.845258, spectrum_to_smiles_recall:0.869394, valid acc:0.969987
INFO:Epoch 326, train loss:0.036335
INFO:Epoch 326, eval loss:0.103022, smiles_to_spectrum_recall:0.840637, spectrum_to_smiles_recall:0.868538, valid acc:0.975294
INFO:Epoch 327, train loss:0.035951
INFO:Epoch 327, eval loss:0.129980, smiles_to_spectrum_recall:0.842691, spectrum_to_smiles_recall:0.860493, valid acc:0.969987
INFO:Epoch 328, train loss:0.036377
INFO:Epoch 328, eval loss:0.133908, smiles_to_spectrum_recall:0.852277, spectrum_to_smiles_recall:0.874872, valid acc:0.967762
INFO:Epoch 329, train loss:0.034992
INFO:Epoch 329, eval loss:0.145638, smiles_to_spectrum_recall:0.849538, spectrum_to_smiles_recall:0.871448, valid acc:0.966735
INFO:Epoch 330, train loss:0.034573
INFO:Epoch 330, eval loss:0.164617, smiles_to_spectrum_recall:0.842177, spectrum_to_smiles_recall:0.865799, valid acc:0.960173
INFO:Epoch 331, train loss:0.033410
INFO:Epoch 331, eval loss:0.123534, smiles_to_spectrum_recall:0.851934, spectrum_to_smiles_recall:0.870250, valid acc:0.972099
INFO:Epoch 332, train loss:0.036862
INFO:Epoch 332, eval loss:0.125109, smiles_to_spectrum_recall:0.856556, spectrum_to_smiles_recall:0.869736, valid acc:0.971072
INFO:Epoch 333, train loss:0.037681
INFO:Epoch 333, eval loss:0.139782, smiles_to_spectrum_recall:0.840979, spectrum_to_smiles_recall:0.856556, valid acc:0.965822
INFO:Epoch 334, train loss:0.038713
INFO:Epoch 334, eval loss:0.132540, smiles_to_spectrum_recall:0.844231, spectrum_to_smiles_recall:0.868025, valid acc:0.968618
INFO:Epoch 335, train loss:0.036742
INFO:Epoch 335, eval loss:0.125956, smiles_to_spectrum_recall:0.838412, spectrum_to_smiles_recall:0.875899, valid acc:0.969588
INFO:Epoch 336, train loss:0.031744
INFO:Epoch 336, eval loss:0.134391, smiles_to_spectrum_recall:0.845258, spectrum_to_smiles_recall:0.869736, valid acc:0.970102
INFO:Epoch 337, train loss:0.034648
INFO:Epoch 337, eval loss:0.131271, smiles_to_spectrum_recall:0.844060, spectrum_to_smiles_recall:0.875899, valid acc:0.969017
INFO:Epoch 338, train loss:0.031889
INFO:Epoch 338, eval loss:0.129722, smiles_to_spectrum_recall:0.850223, spectrum_to_smiles_recall:0.871448, valid acc:0.968276
INFO:Epoch 339, train loss:0.034679
INFO:Epoch 339, eval loss:0.144412, smiles_to_spectrum_recall:0.840294, spectrum_to_smiles_recall:0.864601, valid acc:0.965708
INFO:Epoch 340, train loss:0.029995
INFO:Epoch 340, eval loss:0.125380, smiles_to_spectrum_recall:0.855529, spectrum_to_smiles_recall:0.869565, valid acc:0.970672
INFO:Epoch 341, train loss:0.031767
INFO:Epoch 341, eval loss:0.113635, smiles_to_spectrum_recall:0.849024, spectrum_to_smiles_recall:0.874872, valid acc:0.974039
INFO:Epoch 342, train loss:0.036261
INFO:Epoch 342, eval loss:0.107372, smiles_to_spectrum_recall:0.847655, spectrum_to_smiles_recall:0.860835, valid acc:0.973582
INFO:Epoch 343, train loss:0.032738
INFO:Epoch 343, eval loss:0.143108, smiles_to_spectrum_recall:0.853988, spectrum_to_smiles_recall:0.869394, valid acc:0.968618
INFO:Epoch 344, train loss:0.031984
INFO:Epoch 344, eval loss:0.151807, smiles_to_spectrum_recall:0.847484, spectrum_to_smiles_recall:0.865628, valid acc:0.965993
INFO:Epoch 345, train loss:0.034807
INFO:Epoch 345, eval loss:0.141686, smiles_to_spectrum_recall:0.850907, spectrum_to_smiles_recall:0.871619, valid acc:0.969017
INFO:Epoch 346, train loss:0.032932
INFO:Epoch 346, eval loss:0.134434, smiles_to_spectrum_recall:0.848340, spectrum_to_smiles_recall:0.871448, valid acc:0.968960
INFO:Epoch 347, train loss:0.033706
INFO:Epoch 347, eval loss:0.131948, smiles_to_spectrum_recall:0.856556, spectrum_to_smiles_recall:0.871277, valid acc:0.968789
INFO:Epoch 348, train loss:0.031450
INFO:Epoch 348, eval loss:0.130837, smiles_to_spectrum_recall:0.858952, spectrum_to_smiles_recall:0.875899, valid acc:0.971699
INFO:Epoch 349, train loss:0.032811
INFO:Epoch 349, eval loss:0.115278, smiles_to_spectrum_recall:0.851250, spectrum_to_smiles_recall:0.867853, valid acc:0.974780
INFO:Epoch 350, train loss:0.033654
INFO:Epoch 350, eval loss:0.140735, smiles_to_spectrum_recall:0.849709, spectrum_to_smiles_recall:0.868025, valid acc:0.967477
INFO:Epoch 351, train loss:0.033140
INFO:Epoch 351, eval loss:0.133417, smiles_to_spectrum_recall:0.859637, spectrum_to_smiles_recall:0.878980, valid acc:0.969417
INFO:Epoch 352, train loss:0.030289
INFO:Epoch 352, eval loss:0.136127, smiles_to_spectrum_recall:0.844574, spectrum_to_smiles_recall:0.872646, valid acc:0.968219
INFO:Epoch 353, train loss:0.032591
INFO:Epoch 353, eval loss:0.148622, smiles_to_spectrum_recall:0.847313, spectrum_to_smiles_recall:0.856727, valid acc:0.966222
INFO:Epoch 354, train loss:0.035407
INFO:Epoch 354, eval loss:0.149821, smiles_to_spectrum_recall:0.854844, spectrum_to_smiles_recall:0.875214, valid acc:0.966963
INFO:Epoch 355, train loss:0.030568
INFO:Epoch 355, eval loss:0.128834, smiles_to_spectrum_recall:0.858610, spectrum_to_smiles_recall:0.880349, valid acc:0.970900
INFO:Epoch 356, train loss:0.029045
INFO:Epoch 356, eval loss:0.129240, smiles_to_spectrum_recall:0.858097, spectrum_to_smiles_recall:0.873673, valid acc:0.969474
INFO:Epoch 357, train loss:0.035550
INFO:Epoch 357, eval loss:0.131790, smiles_to_spectrum_recall:0.856727, spectrum_to_smiles_recall:0.884629, valid acc:0.968219
INFO:Epoch 358, train loss:0.031150
INFO:Epoch 358, eval loss:0.125128, smiles_to_spectrum_recall:0.851421, spectrum_to_smiles_recall:0.870421, valid acc:0.971642
INFO:Epoch 359, train loss:0.029898
INFO:Epoch 359, eval loss:0.136502, smiles_to_spectrum_recall:0.853988, spectrum_to_smiles_recall:0.877268, valid acc:0.968618
INFO:Epoch 360, train loss:0.032708
INFO:Epoch 360, eval loss:0.135778, smiles_to_spectrum_recall:0.846970, spectrum_to_smiles_recall:0.871448, valid acc:0.967648
INFO:Epoch 361, train loss:0.030005
INFO:Epoch 361, eval loss:0.157568, smiles_to_spectrum_recall:0.855015, spectrum_to_smiles_recall:0.865628, valid acc:0.965993
INFO:Epoch 362, train loss:0.031537
INFO:Epoch 362, eval loss:0.135372, smiles_to_spectrum_recall:0.841835, spectrum_to_smiles_recall:0.862718, valid acc:0.971642
INFO:Epoch 363, train loss:0.029100
INFO:Epoch 363, eval loss:0.157497, smiles_to_spectrum_recall:0.854160, spectrum_to_smiles_recall:0.867853, valid acc:0.964567
INFO:Epoch 364, train loss:0.031433
INFO:Epoch 364, eval loss:0.134578, smiles_to_spectrum_recall:0.860151, spectrum_to_smiles_recall:0.874529, valid acc:0.969246
INFO:Epoch 365, train loss:0.030342
INFO:Epoch 365, eval loss:0.144017, smiles_to_spectrum_recall:0.856727, spectrum_to_smiles_recall:0.876583, valid acc:0.969702
INFO:Epoch 366, train loss:0.030919
INFO:Epoch 366, eval loss:0.172773, smiles_to_spectrum_recall:0.858439, spectrum_to_smiles_recall:0.868709, valid acc:0.966279
INFO:Epoch 367, train loss:0.030161
INFO:Epoch 367, eval loss:0.141878, smiles_to_spectrum_recall:0.859637, spectrum_to_smiles_recall:0.884286, valid acc:0.967192
INFO:Epoch 368, train loss:0.030770
INFO:Epoch 368, eval loss:0.125789, smiles_to_spectrum_recall:0.859637, spectrum_to_smiles_recall:0.885484, valid acc:0.971813
INFO:Epoch 369, train loss:0.028521
INFO:Epoch 369, eval loss:0.120213, smiles_to_spectrum_recall:0.860835, spectrum_to_smiles_recall:0.879836, valid acc:0.973810
INFO:Epoch 370, train loss:0.027745
INFO:Epoch 370, eval loss:0.160466, smiles_to_spectrum_recall:0.867682, spectrum_to_smiles_recall:0.889764, valid acc:0.963882
INFO:Epoch 371, train loss:0.028598
INFO:Epoch 371, eval loss:0.146915, smiles_to_spectrum_recall:0.861691, spectrum_to_smiles_recall:0.883088, valid acc:0.967705
INFO:Epoch 372, train loss:0.027077
INFO:Epoch 372, eval loss:0.147117, smiles_to_spectrum_recall:0.860493, spectrum_to_smiles_recall:0.880349, valid acc:0.967591
INFO:Epoch 373, train loss:0.030477
INFO:Epoch 373, eval loss:0.154419, smiles_to_spectrum_recall:0.859466, spectrum_to_smiles_recall:0.874187, valid acc:0.965309
INFO:Epoch 374, train loss:0.032114
INFO:Epoch 374, eval loss:0.121480, smiles_to_spectrum_recall:0.858610, spectrum_to_smiles_recall:0.878124, valid acc:0.972840
INFO:Epoch 375, train loss:0.029547
INFO:Epoch 375, eval loss:0.142502, smiles_to_spectrum_recall:0.857754, spectrum_to_smiles_recall:0.879322, valid acc:0.965537
INFO:Epoch 376, train loss:0.028832
INFO:Epoch 376, eval loss:0.130227, smiles_to_spectrum_recall:0.862547, spectrum_to_smiles_recall:0.886854, valid acc:0.970672
INFO:Epoch 377, train loss:0.029818
INFO:Epoch 377, eval loss:0.147655, smiles_to_spectrum_recall:0.858097, spectrum_to_smiles_recall:0.870592, valid acc:0.965423
INFO:Epoch 378, train loss:0.025843
INFO:Epoch 378, eval loss:0.128795, smiles_to_spectrum_recall:0.863745, spectrum_to_smiles_recall:0.883773, valid acc:0.970558
INFO:Epoch 379, train loss:0.028970
INFO:Epoch 379, eval loss:0.130495, smiles_to_spectrum_recall:0.859808, spectrum_to_smiles_recall:0.869565, valid acc:0.968903
INFO:Epoch 380, train loss:0.033045
INFO:Epoch 380, eval loss:0.126180, smiles_to_spectrum_recall:0.866655, spectrum_to_smiles_recall:0.876755, valid acc:0.969588
INFO:Epoch 381, train loss:0.030155
INFO:Epoch 381, eval loss:0.153332, smiles_to_spectrum_recall:0.865115, spectrum_to_smiles_recall:0.882746, valid acc:0.963654
INFO:Epoch 382, train loss:0.028450
INFO:Epoch 382, eval loss:0.150320, smiles_to_spectrum_recall:0.853646, spectrum_to_smiles_recall:0.871790, valid acc:0.967534
INFO:Epoch 383, train loss:0.028215
INFO:Epoch 383, eval loss:0.132704, smiles_to_spectrum_recall:0.860322, spectrum_to_smiles_recall:0.884971, valid acc:0.970216
INFO:Epoch 384, train loss:0.028677
INFO:Epoch 384, eval loss:0.111364, smiles_to_spectrum_recall:0.858952, spectrum_to_smiles_recall:0.878980, valid acc:0.973183
INFO:Epoch 385, train loss:0.031254
INFO:Epoch 385, eval loss:0.108389, smiles_to_spectrum_recall:0.859124, spectrum_to_smiles_recall:0.878295, valid acc:0.974267
INFO:Epoch 386, train loss:0.029444
INFO:Epoch 386, eval loss:0.138109, smiles_to_spectrum_recall:0.857241, spectrum_to_smiles_recall:0.882403, valid acc:0.967648
INFO:Epoch 387, train loss:0.029049
INFO:Epoch 387, eval loss:0.124473, smiles_to_spectrum_recall:0.868025, spectrum_to_smiles_recall:0.890962, valid acc:0.970786
INFO:Epoch 388, train loss:0.027377
INFO:Epoch 388, eval loss:0.128003, smiles_to_spectrum_recall:0.864601, spectrum_to_smiles_recall:0.885827, valid acc:0.971072
INFO:Epoch 389, train loss:0.031832
INFO:Epoch 389, eval loss:0.113595, smiles_to_spectrum_recall:0.866313, spectrum_to_smiles_recall:0.886340, valid acc:0.973240
INFO:Epoch 390, train loss:0.027684
INFO:Epoch 390, eval loss:0.135672, smiles_to_spectrum_recall:0.860151, spectrum_to_smiles_recall:0.876755, valid acc:0.969189
INFO:Epoch 391, train loss:0.029094
INFO:Epoch 391, eval loss:0.165663, smiles_to_spectrum_recall:0.860664, spectrum_to_smiles_recall:0.875043, valid acc:0.960459
INFO:Epoch 392, train loss:0.028752
INFO:Epoch 392, eval loss:0.155341, smiles_to_spectrum_recall:0.850051, spectrum_to_smiles_recall:0.869394, valid acc:0.962627
INFO:Epoch 393, train loss:0.030167
INFO:Epoch 393, eval loss:0.138222, smiles_to_spectrum_recall:0.855529, spectrum_to_smiles_recall:0.872818, valid acc:0.969017
INFO:Epoch 394, train loss:0.026084
INFO:Epoch 394, eval loss:0.163145, smiles_to_spectrum_recall:0.861691, spectrum_to_smiles_recall:0.885484, valid acc:0.962113
INFO:Epoch 395, train loss:0.025931
INFO:Epoch 395, eval loss:0.137356, smiles_to_spectrum_recall:0.862034, spectrum_to_smiles_recall:0.885656, valid acc:0.966792
INFO:Epoch 396, train loss:0.026719
INFO:Epoch 396, eval loss:0.132795, smiles_to_spectrum_recall:0.860322, spectrum_to_smiles_recall:0.883602, valid acc:0.970102
INFO:Epoch 397, train loss:0.027303
INFO:Epoch 397, eval loss:0.139076, smiles_to_spectrum_recall:0.864088, spectrum_to_smiles_recall:0.879151, valid acc:0.968846
INFO:Epoch 398, train loss:0.024324
INFO:Epoch 398, eval loss:0.135349, smiles_to_spectrum_recall:0.863061, spectrum_to_smiles_recall:0.881205, valid acc:0.969930
INFO:Epoch 399, train loss:0.026756
INFO:Epoch 399, eval loss:0.141857, smiles_to_spectrum_recall:0.858952, spectrum_to_smiles_recall:0.881376, valid acc:0.966849
INFO:Epoch 400, train loss:0.024726
INFO:Epoch 400, eval loss:0.151656, smiles_to_spectrum_recall:0.861178, spectrum_to_smiles_recall:0.880520, valid acc:0.966165
INFO:Epoch 401, train loss:0.027074
INFO:Epoch 401, eval loss:0.139202, smiles_to_spectrum_recall:0.868709, spectrum_to_smiles_recall:0.888052, valid acc:0.970045
INFO:Epoch 402, train loss:0.026439
INFO:Epoch 402, eval loss:0.123619, smiles_to_spectrum_recall:0.865799, spectrum_to_smiles_recall:0.880692, valid acc:0.972498
INFO:Epoch 403, train loss:0.023914
INFO:Epoch 403, eval loss:0.148262, smiles_to_spectrum_recall:0.863574, spectrum_to_smiles_recall:0.884457, valid acc:0.969417
INFO:Epoch 404, train loss:0.026503
INFO:Epoch 404, eval loss:0.137676, smiles_to_spectrum_recall:0.863916, spectrum_to_smiles_recall:0.883259, valid acc:0.968219
INFO:Epoch 405, train loss:0.027741
INFO:Epoch 405, eval loss:0.153149, smiles_to_spectrum_recall:0.841664, spectrum_to_smiles_recall:0.861178, valid acc:0.966279
INFO:Epoch 406, train loss:0.026761
INFO:Epoch 406, eval loss:0.136937, smiles_to_spectrum_recall:0.857069, spectrum_to_smiles_recall:0.880520, valid acc:0.969873
INFO:Epoch 407, train loss:0.026751
INFO:Epoch 407, eval loss:0.143218, smiles_to_spectrum_recall:0.857241, spectrum_to_smiles_recall:0.885827, valid acc:0.969132
INFO:Epoch 408, train loss:0.029720
INFO:Epoch 408, eval loss:0.137183, smiles_to_spectrum_recall:0.856214, spectrum_to_smiles_recall:0.880863, valid acc:0.970558
INFO:Epoch 409, train loss:0.024963
INFO:Epoch 409, eval loss:0.142216, smiles_to_spectrum_recall:0.862547, spectrum_to_smiles_recall:0.889764, valid acc:0.968675
INFO:Epoch 410, train loss:0.025138
INFO:Epoch 410, eval loss:0.126921, smiles_to_spectrum_recall:0.866826, spectrum_to_smiles_recall:0.886340, valid acc:0.971129
INFO:Epoch 411, train loss:0.023234
INFO:Epoch 411, eval loss:0.126276, smiles_to_spectrum_recall:0.867853, spectrum_to_smiles_recall:0.893016, valid acc:0.973525
INFO:Epoch 412, train loss:0.025650
INFO:Epoch 412, eval loss:0.122578, smiles_to_spectrum_recall:0.865286, spectrum_to_smiles_recall:0.887539, valid acc:0.972156
INFO:Epoch 413, train loss:0.024936
INFO:Epoch 413, eval loss:0.162530, smiles_to_spectrum_recall:0.849538, spectrum_to_smiles_recall:0.877610, valid acc:0.961771
INFO:Epoch 414, train loss:0.027132
INFO:Epoch 414, eval loss:0.131457, smiles_to_spectrum_recall:0.865457, spectrum_to_smiles_recall:0.891647, valid acc:0.969246
INFO:Epoch 415, train loss:0.024749
INFO:Epoch 415, eval loss:0.144474, smiles_to_spectrum_recall:0.864944, spectrum_to_smiles_recall:0.890277, valid acc:0.968105
INFO:Epoch 416, train loss:0.023606
INFO:Epoch 416, eval loss:0.126878, smiles_to_spectrum_recall:0.868709, spectrum_to_smiles_recall:0.886683, valid acc:0.973012
INFO:Epoch 417, train loss:0.024492
INFO:Epoch 417, eval loss:0.144835, smiles_to_spectrum_recall:0.862376, spectrum_to_smiles_recall:0.883944, valid acc:0.967762
INFO:Epoch 418, train loss:0.023407
INFO:Epoch 418, eval loss:0.127955, smiles_to_spectrum_recall:0.871619, spectrum_to_smiles_recall:0.892503, valid acc:0.970843
INFO:Epoch 419, train loss:0.024208
INFO:Epoch 419, eval loss:0.127241, smiles_to_spectrum_recall:0.878637, spectrum_to_smiles_recall:0.891818, valid acc:0.969930
INFO:Epoch 420, train loss:0.023630
INFO:Epoch 420, eval loss:0.144226, smiles_to_spectrum_recall:0.873502, spectrum_to_smiles_recall:0.892160, valid acc:0.966393
INFO:Epoch 421, train loss:0.025867
INFO:Epoch 421, eval loss:0.134652, smiles_to_spectrum_recall:0.872133, spectrum_to_smiles_recall:0.888737, valid acc:0.969816
INFO:Epoch 422, train loss:0.026115
INFO:Epoch 422, eval loss:0.153532, smiles_to_spectrum_recall:0.871962, spectrum_to_smiles_recall:0.892503, valid acc:0.963255
INFO:Epoch 423, train loss:0.023830
INFO:Epoch 423, eval loss:0.130078, smiles_to_spectrum_recall:0.866313, spectrum_to_smiles_recall:0.887539, valid acc:0.971756
INFO:Epoch 424, train loss:0.025074
INFO:Epoch 424, eval loss:0.134814, smiles_to_spectrum_recall:0.863574, spectrum_to_smiles_recall:0.883430, valid acc:0.969246
INFO:Epoch 425, train loss:0.022428
INFO:Epoch 425, eval loss:0.158661, smiles_to_spectrum_recall:0.870250, spectrum_to_smiles_recall:0.891476, valid acc:0.966564
INFO:Epoch 426, train loss:0.021102
INFO:Epoch 426, eval loss:0.156082, smiles_to_spectrum_recall:0.870250, spectrum_to_smiles_recall:0.892160, valid acc:0.967363
INFO:Epoch 427, train loss:0.023658
INFO:Epoch 427, eval loss:0.144134, smiles_to_spectrum_recall:0.870250, spectrum_to_smiles_recall:0.896097, valid acc:0.967135
INFO:Epoch 428, train loss:0.024500
INFO:Epoch 428, eval loss:0.139107, smiles_to_spectrum_recall:0.870763, spectrum_to_smiles_recall:0.893016, valid acc:0.967420
INFO:Epoch 429, train loss:0.021142
INFO:Epoch 429, eval loss:0.124379, smiles_to_spectrum_recall:0.874700, spectrum_to_smiles_recall:0.897809, valid acc:0.973525
INFO:Epoch 430, train loss:0.022847
INFO:Epoch 430, eval loss:0.129710, smiles_to_spectrum_recall:0.873673, spectrum_to_smiles_recall:0.901232, valid acc:0.971985
INFO:Epoch 431, train loss:0.024830
INFO:Epoch 431, eval loss:0.134038, smiles_to_spectrum_recall:0.864430, spectrum_to_smiles_recall:0.885656, valid acc:0.970045
INFO:Epoch 432, train loss:0.021039
INFO:Epoch 432, eval loss:0.141022, smiles_to_spectrum_recall:0.871106, spectrum_to_smiles_recall:0.888223, valid acc:0.968675
INFO:Epoch 433, train loss:0.024385
INFO:Epoch 433, eval loss:0.154194, smiles_to_spectrum_recall:0.867340, spectrum_to_smiles_recall:0.887025, valid acc:0.965480
INFO:Epoch 434, train loss:0.023967
INFO:Epoch 434, eval loss:0.146521, smiles_to_spectrum_recall:0.871277, spectrum_to_smiles_recall:0.890448, valid acc:0.966507
INFO:Epoch 435, train loss:0.022791
INFO:Epoch 435, eval loss:0.178663, smiles_to_spectrum_recall:0.873160, spectrum_to_smiles_recall:0.885142, valid acc:0.960915
INFO:Epoch 436, train loss:0.022650
INFO:Epoch 436, eval loss:0.127716, smiles_to_spectrum_recall:0.872818, spectrum_to_smiles_recall:0.890106, valid acc:0.970672
INFO:Epoch 437, train loss:0.020764
INFO:Epoch 437, eval loss:0.139233, smiles_to_spectrum_recall:0.880178, spectrum_to_smiles_recall:0.897980, valid acc:0.969816
INFO:Epoch 438, train loss:0.022783
INFO:Epoch 438, eval loss:0.175264, smiles_to_spectrum_recall:0.868538, spectrum_to_smiles_recall:0.879322, valid acc:0.963426
INFO:Epoch 439, train loss:0.023924
INFO:Epoch 439, eval loss:0.140148, smiles_to_spectrum_recall:0.878980, spectrum_to_smiles_recall:0.897467, valid acc:0.968903
INFO:Epoch 440, train loss:0.023220
INFO:Epoch 440, eval loss:0.144240, smiles_to_spectrum_recall:0.874187, spectrum_to_smiles_recall:0.903971, valid acc:0.967819
INFO:Epoch 441, train loss:0.022498
INFO:Epoch 441, eval loss:0.153244, smiles_to_spectrum_recall:0.872818, spectrum_to_smiles_recall:0.896268, valid acc:0.966507
INFO:Epoch 442, train loss:0.023079
INFO:Epoch 442, eval loss:0.144225, smiles_to_spectrum_recall:0.868709, spectrum_to_smiles_recall:0.894899, valid acc:0.967078
INFO:Epoch 443, train loss:0.022681
INFO:Epoch 443, eval loss:0.146388, smiles_to_spectrum_recall:0.868881, spectrum_to_smiles_recall:0.895241, valid acc:0.966222
INFO:Epoch 444, train loss:0.023555
INFO:Epoch 444, eval loss:0.143457, smiles_to_spectrum_recall:0.873673, spectrum_to_smiles_recall:0.895755, valid acc:0.968162
INFO:Epoch 445, train loss:0.024245
INFO:Epoch 445, eval loss:0.154802, smiles_to_spectrum_recall:0.870079, spectrum_to_smiles_recall:0.886683, valid acc:0.967078
INFO:Epoch 446, train loss:0.023450
INFO:Epoch 446, eval loss:0.123474, smiles_to_spectrum_recall:0.874529, spectrum_to_smiles_recall:0.892674, valid acc:0.972897
INFO:Epoch 447, train loss:0.025033
INFO:Epoch 447, eval loss:0.133950, smiles_to_spectrum_recall:0.871448, spectrum_to_smiles_recall:0.893872, valid acc:0.970843
INFO:Epoch 448, train loss:0.021941
INFO:Epoch 448, eval loss:0.146736, smiles_to_spectrum_recall:0.868367, spectrum_to_smiles_recall:0.886511, valid acc:0.970102
INFO:Epoch 449, train loss:0.020497
INFO:Epoch 449, eval loss:0.157394, smiles_to_spectrum_recall:0.869565, spectrum_to_smiles_recall:0.886340, valid acc:0.965080
INFO:Epoch 450, train loss:0.020363
INFO:Epoch 450, eval loss:0.188209, smiles_to_spectrum_recall:0.860493, spectrum_to_smiles_recall:0.882917, valid acc:0.961258
INFO:Epoch 451, train loss:0.022336
INFO:Epoch 451, eval loss:0.149258, smiles_to_spectrum_recall:0.872475, spectrum_to_smiles_recall:0.899350, valid acc:0.966792
INFO:Epoch 452, train loss:0.020900
INFO:Epoch 452, eval loss:0.166454, smiles_to_spectrum_recall:0.878124, spectrum_to_smiles_recall:0.896611, valid acc:0.964966
INFO:Epoch 453, train loss:0.019354
INFO:Epoch 453, eval loss:0.151704, smiles_to_spectrum_recall:0.873673, spectrum_to_smiles_recall:0.896440, valid acc:0.968504
INFO:Epoch 454, train loss:0.021585
INFO:Epoch 454, eval loss:0.129538, smiles_to_spectrum_recall:0.878295, spectrum_to_smiles_recall:0.892331, valid acc:0.973639
INFO:Epoch 455, train loss:0.020620
INFO:Epoch 455, eval loss:0.126065, smiles_to_spectrum_recall:0.874358, spectrum_to_smiles_recall:0.899178, valid acc:0.971186
INFO:Epoch 456, train loss:0.021975
INFO:Epoch 456, eval loss:0.132037, smiles_to_spectrum_recall:0.881205, spectrum_to_smiles_recall:0.899007, valid acc:0.971015
INFO:Epoch 457, train loss:0.022631
INFO:Epoch 457, eval loss:0.124097, smiles_to_spectrum_recall:0.877610, spectrum_to_smiles_recall:0.890791, valid acc:0.972954
INFO:Epoch 458, train loss:0.022856
INFO:Epoch 458, eval loss:0.144283, smiles_to_spectrum_recall:0.870763, spectrum_to_smiles_recall:0.893187, valid acc:0.968675
INFO:Epoch 459, train loss:0.020647
INFO:Epoch 459, eval loss:0.132627, smiles_to_spectrum_recall:0.877097, spectrum_to_smiles_recall:0.900034, valid acc:0.970786
INFO:Epoch 460, train loss:0.019979
INFO:Epoch 460, eval loss:0.158426, smiles_to_spectrum_recall:0.869223, spectrum_to_smiles_recall:0.892160, valid acc:0.962855
INFO:Epoch 461, train loss:0.021445
INFO:Epoch 461, eval loss:0.131671, smiles_to_spectrum_recall:0.874016, spectrum_to_smiles_recall:0.897124, valid acc:0.969930
INFO:Epoch 462, train loss:0.020916
INFO:Epoch 462, eval loss:0.150663, smiles_to_spectrum_recall:0.871790, spectrum_to_smiles_recall:0.895584, valid acc:0.967648
INFO:Epoch 463, train loss:0.021049
INFO:Epoch 463, eval loss:0.147940, smiles_to_spectrum_recall:0.875556, spectrum_to_smiles_recall:0.892331, valid acc:0.967192
INFO:Epoch 464, train loss:0.018857
INFO:Epoch 464, eval loss:0.140752, smiles_to_spectrum_recall:0.874872, spectrum_to_smiles_recall:0.887539, valid acc:0.970216
INFO:Epoch 465, train loss:0.020454
INFO:Epoch 465, eval loss:0.142534, smiles_to_spectrum_recall:0.873502, spectrum_to_smiles_recall:0.896953, valid acc:0.969246
INFO:Epoch 466, train loss:0.022062
INFO:Epoch 466, eval loss:0.155571, smiles_to_spectrum_recall:0.871448, spectrum_to_smiles_recall:0.892331, valid acc:0.966621
INFO:Epoch 467, train loss:0.021740
INFO:Epoch 467, eval loss:0.165401, smiles_to_spectrum_recall:0.869908, spectrum_to_smiles_recall:0.892503, valid acc:0.964795
INFO:Epoch 468, train loss:0.020869
INFO:Epoch 468, eval loss:0.141967, smiles_to_spectrum_recall:0.873331, spectrum_to_smiles_recall:0.891304, valid acc:0.969588
INFO:Epoch 469, train loss:0.021049
INFO:Epoch 469, eval loss:0.166224, smiles_to_spectrum_recall:0.870592, spectrum_to_smiles_recall:0.894899, valid acc:0.964966
INFO:Epoch 470, train loss:0.019378
INFO:Epoch 470, eval loss:0.142758, smiles_to_spectrum_recall:0.874872, spectrum_to_smiles_recall:0.897124, valid acc:0.968162
INFO:Epoch 471, train loss:0.019759
INFO:Epoch 471, eval loss:0.139843, smiles_to_spectrum_recall:0.876412, spectrum_to_smiles_recall:0.890791, valid acc:0.968105
INFO:Epoch 472, train loss:0.018554
INFO:Epoch 472, eval loss:0.148840, smiles_to_spectrum_recall:0.872989, spectrum_to_smiles_recall:0.895241, valid acc:0.967876
INFO:Epoch 473, train loss:0.017635
INFO:Epoch 473, eval loss:0.150757, smiles_to_spectrum_recall:0.876926, spectrum_to_smiles_recall:0.894385, valid acc:0.968047
INFO:Epoch 474, train loss:0.017688
INFO:Epoch 474, eval loss:0.162381, smiles_to_spectrum_recall:0.872133, spectrum_to_smiles_recall:0.890277, valid acc:0.965936
INFO:Epoch 475, train loss:0.023792
INFO:Epoch 475, eval loss:0.170475, smiles_to_spectrum_recall:0.879151, spectrum_to_smiles_recall:0.899692, valid acc:0.962113
INFO:Epoch 476, train loss:0.018039
INFO:Epoch 476, eval loss:0.154898, smiles_to_spectrum_recall:0.871448, spectrum_to_smiles_recall:0.891476, valid acc:0.967020
INFO:Epoch 477, train loss:0.019583
INFO:Epoch 477, eval loss:0.125176, smiles_to_spectrum_recall:0.881034, spectrum_to_smiles_recall:0.899350, valid acc:0.971927
INFO:Epoch 478, train loss:0.021736
INFO:Epoch 478, eval loss:0.149549, smiles_to_spectrum_recall:0.875214, spectrum_to_smiles_recall:0.894557, valid acc:0.967534
INFO:Epoch 479, train loss:0.018578
INFO:Epoch 479, eval loss:0.163064, smiles_to_spectrum_recall:0.874187, spectrum_to_smiles_recall:0.901061, valid acc:0.964168
INFO:Epoch 480, train loss:0.019078
INFO:Epoch 480, eval loss:0.131415, smiles_to_spectrum_recall:0.880520, spectrum_to_smiles_recall:0.900890, valid acc:0.970843
INFO:Epoch 481, train loss:0.020815
INFO:Epoch 481, eval loss:0.138473, smiles_to_spectrum_recall:0.879664, spectrum_to_smiles_recall:0.898836, valid acc:0.969759
INFO:Epoch 482, train loss:0.018208
INFO:Epoch 482, eval loss:0.156104, smiles_to_spectrum_recall:0.875556, spectrum_to_smiles_recall:0.896268, valid acc:0.966507
INFO:Epoch 483, train loss:0.019838
INFO:Epoch 483, eval loss:0.164610, smiles_to_spectrum_recall:0.882574, spectrum_to_smiles_recall:0.902944, valid acc:0.964110
INFO:Epoch 484, train loss:0.018991
INFO:Epoch 484, eval loss:0.176335, smiles_to_spectrum_recall:0.879493, spectrum_to_smiles_recall:0.900548, valid acc:0.960801
INFO:Epoch 485, train loss:0.020898
INFO:Epoch 485, eval loss:0.160381, smiles_to_spectrum_recall:0.868025, spectrum_to_smiles_recall:0.893187, valid acc:0.965480
INFO:Epoch 486, train loss:0.018009
INFO:Epoch 486, eval loss:0.188041, smiles_to_spectrum_recall:0.865286, spectrum_to_smiles_recall:0.887367, valid acc:0.958975
INFO:Epoch 487, train loss:0.018685
INFO:Epoch 487, eval loss:0.141766, smiles_to_spectrum_recall:0.871448, spectrum_to_smiles_recall:0.906368, valid acc:0.968960
INFO:Epoch 488, train loss:0.017352
INFO:Epoch 488, eval loss:0.120393, smiles_to_spectrum_recall:0.881547, spectrum_to_smiles_recall:0.910647, valid acc:0.974210
INFO:Epoch 489, train loss:0.017407
INFO:Epoch 489, eval loss:0.152004, smiles_to_spectrum_recall:0.881034, spectrum_to_smiles_recall:0.903115, valid acc:0.967020
INFO:Epoch 490, train loss:0.019424
INFO:Epoch 490, eval loss:0.158758, smiles_to_spectrum_recall:0.875556, spectrum_to_smiles_recall:0.904485, valid acc:0.966279
INFO:Epoch 491, train loss:0.020089
INFO:Epoch 491, eval loss:0.173346, smiles_to_spectrum_recall:0.879322, spectrum_to_smiles_recall:0.897638, valid acc:0.961657
INFO:Epoch 492, train loss:0.021469
INFO:Epoch 492, eval loss:0.147421, smiles_to_spectrum_recall:0.878295, spectrum_to_smiles_recall:0.903971, valid acc:0.967306
INFO:Epoch 493, train loss:0.017722
INFO:Epoch 493, eval loss:0.140180, smiles_to_spectrum_recall:0.877610, spectrum_to_smiles_recall:0.897467, valid acc:0.970045
INFO:Epoch 494, train loss:0.016729
INFO:Epoch 494, eval loss:0.137632, smiles_to_spectrum_recall:0.882061, spectrum_to_smiles_recall:0.898665, valid acc:0.969417
INFO:Epoch 495, train loss:0.018539
INFO:Epoch 495, eval loss:0.166120, smiles_to_spectrum_recall:0.878466, spectrum_to_smiles_recall:0.901746, valid acc:0.963996
INFO:Epoch 496, train loss:0.019682
INFO:Epoch 496, eval loss:0.160017, smiles_to_spectrum_recall:0.878637, spectrum_to_smiles_recall:0.898494, valid acc:0.966108
INFO:Epoch 497, train loss:0.016344
INFO:Epoch 497, eval loss:0.126848, smiles_to_spectrum_recall:0.884800, spectrum_to_smiles_recall:0.893701, valid acc:0.971243
INFO:Epoch 498, train loss:0.016583
INFO:Epoch 498, eval loss:0.148255, smiles_to_spectrum_recall:0.883088, spectrum_to_smiles_recall:0.905169, valid acc:0.969246
INFO:Epoch 499, train loss:0.019951
INFO:Epoch 499, eval loss:0.154236, smiles_to_spectrum_recall:0.880349, spectrum_to_smiles_recall:0.904314, valid acc:0.967762
INFO:Epoch 500, train loss:0.017415
INFO:Epoch 500, eval loss:0.141275, smiles_to_spectrum_recall:0.877782, spectrum_to_smiles_recall:0.901917, valid acc:0.969588
INFO:Epoch 501, train loss:0.017693
INFO:Epoch 501, eval loss:0.156979, smiles_to_spectrum_recall:0.883944, spectrum_to_smiles_recall:0.901232, valid acc:0.964909
INFO:Epoch 502, train loss:0.016819
INFO:Epoch 502, eval loss:0.147059, smiles_to_spectrum_recall:0.885827, spectrum_to_smiles_recall:0.907566, valid acc:0.968504
INFO:Epoch 503, train loss:0.016070
INFO:Epoch 503, eval loss:0.142893, smiles_to_spectrum_recall:0.880520, spectrum_to_smiles_recall:0.904485, valid acc:0.968447
INFO:Epoch 504, train loss:0.017583
INFO:Epoch 504, eval loss:0.159738, smiles_to_spectrum_recall:0.881376, spectrum_to_smiles_recall:0.904656, valid acc:0.964110
INFO:Epoch 505, train loss:0.018392
INFO:Epoch 505, eval loss:0.172220, smiles_to_spectrum_recall:0.880178, spectrum_to_smiles_recall:0.898665, valid acc:0.962912
INFO:Epoch 506, train loss:0.015673
INFO:Epoch 506, eval loss:0.147563, smiles_to_spectrum_recall:0.879322, spectrum_to_smiles_recall:0.906539, valid acc:0.967933
INFO:Epoch 507, train loss:0.018327
INFO:Epoch 507, eval loss:0.135934, smiles_to_spectrum_recall:0.883602, spectrum_to_smiles_recall:0.907052, valid acc:0.968960
INFO:Epoch 508, train loss:0.016323
INFO:Epoch 508, eval loss:0.171535, smiles_to_spectrum_recall:0.877439, spectrum_to_smiles_recall:0.903971, valid acc:0.963426
INFO:Epoch 509, train loss:0.018572
INFO:Epoch 509, eval loss:0.145049, smiles_to_spectrum_recall:0.875727, spectrum_to_smiles_recall:0.900034, valid acc:0.968561
INFO:Epoch 510, train loss:0.016957
INFO:Epoch 510, eval loss:0.167970, smiles_to_spectrum_recall:0.884971, spectrum_to_smiles_recall:0.903458, valid acc:0.961828
INFO:Epoch 511, train loss:0.016096
INFO:Epoch 511, eval loss:0.162810, smiles_to_spectrum_recall:0.890791, spectrum_to_smiles_recall:0.901917, valid acc:0.963825
INFO:Epoch 512, train loss:0.016672
INFO:Epoch 512, eval loss:0.146105, smiles_to_spectrum_recall:0.889079, spectrum_to_smiles_recall:0.912530, valid acc:0.968333
INFO:Epoch 513, train loss:0.015762
INFO:Epoch 513, eval loss:0.193645, smiles_to_spectrum_recall:0.887196, spectrum_to_smiles_recall:0.906025, valid acc:0.959774
INFO:Epoch 514, train loss:0.016244
INFO:Epoch 514, eval loss:0.140138, smiles_to_spectrum_recall:0.883602, spectrum_to_smiles_recall:0.902944, valid acc:0.969246
INFO:Epoch 515, train loss:0.020296
INFO:Epoch 515, eval loss:0.154090, smiles_to_spectrum_recall:0.885656, spectrum_to_smiles_recall:0.904142, valid acc:0.965879
INFO:Epoch 516, train loss:0.016790
INFO:Epoch 516, eval loss:0.163471, smiles_to_spectrum_recall:0.884800, spectrum_to_smiles_recall:0.902602, valid acc:0.966222
INFO:Epoch 517, train loss:0.015746
INFO:Epoch 517, eval loss:0.159279, smiles_to_spectrum_recall:0.890277, spectrum_to_smiles_recall:0.904827, valid acc:0.965765
INFO:Epoch 518, train loss:0.014123
INFO:Epoch 518, eval loss:0.164893, smiles_to_spectrum_recall:0.888908, spectrum_to_smiles_recall:0.909620, valid acc:0.963597
INFO:Epoch 519, train loss:0.015068
INFO:Epoch 519, eval loss:0.144298, smiles_to_spectrum_recall:0.886854, spectrum_to_smiles_recall:0.913899, valid acc:0.968732
INFO:Epoch 520, train loss:0.017021
INFO:Epoch 520, eval loss:0.179855, smiles_to_spectrum_recall:0.889079, spectrum_to_smiles_recall:0.907395, valid acc:0.961486
INFO:Epoch 521, train loss:0.016197
INFO:Epoch 521, eval loss:0.174191, smiles_to_spectrum_recall:0.883773, spectrum_to_smiles_recall:0.902944, valid acc:0.961201
INFO:Epoch 522, train loss:0.015164
INFO:Epoch 522, eval loss:0.155439, smiles_to_spectrum_recall:0.877439, spectrum_to_smiles_recall:0.902088, valid acc:0.965309
INFO:Epoch 523, train loss:0.014864
INFO:Epoch 523, eval loss:0.145817, smiles_to_spectrum_recall:0.886854, spectrum_to_smiles_recall:0.905512, valid acc:0.969246
INFO:Epoch 524, train loss:0.017192
INFO:Epoch 524, eval loss:0.158119, smiles_to_spectrum_recall:0.891818, spectrum_to_smiles_recall:0.908935, valid acc:0.967705
INFO:Epoch 525, train loss:0.015901
INFO:Epoch 525, eval loss:0.152227, smiles_to_spectrum_recall:0.889079, spectrum_to_smiles_recall:0.910134, valid acc:0.966393
INFO:Epoch 526, train loss:0.018081
INFO:Epoch 526, eval loss:0.153774, smiles_to_spectrum_recall:0.889935, spectrum_to_smiles_recall:0.907737, valid acc:0.964510
INFO:Epoch 527, train loss:0.016228
INFO:Epoch 527, eval loss:0.140800, smiles_to_spectrum_recall:0.889079, spectrum_to_smiles_recall:0.909791, valid acc:0.967648
INFO:Epoch 528, train loss:0.016008
INFO:Epoch 528, eval loss:0.169521, smiles_to_spectrum_recall:0.883944, spectrum_to_smiles_recall:0.905683, valid acc:0.964453
INFO:Epoch 529, train loss:0.017321
INFO:Epoch 529, eval loss:0.157850, smiles_to_spectrum_recall:0.886511, spectrum_to_smiles_recall:0.911674, valid acc:0.965252
INFO:Epoch 530, train loss:0.019579
INFO:Epoch 530, eval loss:0.154872, smiles_to_spectrum_recall:0.888566, spectrum_to_smiles_recall:0.912872, valid acc:0.966450
INFO:Epoch 531, train loss:0.014777
INFO:Epoch 531, eval loss:0.148701, smiles_to_spectrum_recall:0.883430, spectrum_to_smiles_recall:0.911332, valid acc:0.969303
INFO:Epoch 532, train loss:0.016644
INFO:Epoch 532, eval loss:0.161513, smiles_to_spectrum_recall:0.886854, spectrum_to_smiles_recall:0.906368, valid acc:0.965537
INFO:Epoch 533, train loss:0.014412
INFO:Epoch 533, eval loss:0.170451, smiles_to_spectrum_recall:0.883430, spectrum_to_smiles_recall:0.907395, valid acc:0.963140
INFO:Epoch 534, train loss:0.015737
INFO:Epoch 534, eval loss:0.162663, smiles_to_spectrum_recall:0.888052, spectrum_to_smiles_recall:0.912359, valid acc:0.965423
INFO:Epoch 535, train loss:0.014501
INFO:Epoch 535, eval loss:0.166972, smiles_to_spectrum_recall:0.886340, spectrum_to_smiles_recall:0.909620, valid acc:0.964681
INFO:Epoch 536, train loss:0.014144
INFO:Epoch 536, eval loss:0.158758, smiles_to_spectrum_recall:0.890962, spectrum_to_smiles_recall:0.909962, valid acc:0.967192
INFO:Epoch 537, train loss:0.016621
INFO:Epoch 537, eval loss:0.162131, smiles_to_spectrum_recall:0.881034, spectrum_to_smiles_recall:0.911845, valid acc:0.965651
INFO:Epoch 538, train loss:0.014756
INFO:Epoch 538, eval loss:0.172831, smiles_to_spectrum_recall:0.887881, spectrum_to_smiles_recall:0.910818, valid acc:0.962684
INFO:Epoch 539, train loss:0.014088
INFO:Epoch 539, eval loss:0.137038, smiles_to_spectrum_recall:0.894557, spectrum_to_smiles_recall:0.912359, valid acc:0.970216
INFO:Epoch 540, train loss:0.017668
INFO:Epoch 540, eval loss:0.155636, smiles_to_spectrum_recall:0.891647, spectrum_to_smiles_recall:0.909791, valid acc:0.964453
INFO:Epoch 541, train loss:0.013600
INFO:Epoch 541, eval loss:0.145800, smiles_to_spectrum_recall:0.885656, spectrum_to_smiles_recall:0.913043, valid acc:0.969132
INFO:Epoch 542, train loss:0.015228
INFO:Epoch 542, eval loss:0.171621, smiles_to_spectrum_recall:0.889250, spectrum_to_smiles_recall:0.913557, valid acc:0.963768
INFO:Epoch 543, train loss:0.014745
INFO:Epoch 543, eval loss:0.189708, smiles_to_spectrum_recall:0.883259, spectrum_to_smiles_recall:0.906710, valid acc:0.961029
INFO:Epoch 544, train loss:0.016031
INFO:Epoch 544, eval loss:0.163891, smiles_to_spectrum_recall:0.887367, spectrum_to_smiles_recall:0.911845, valid acc:0.964852
INFO:Epoch 545, train loss:0.015784
INFO:Epoch 545, eval loss:0.163468, smiles_to_spectrum_recall:0.892845, spectrum_to_smiles_recall:0.912188, valid acc:0.965080
INFO:Epoch 546, train loss:0.016995
INFO:Epoch 546, eval loss:0.178879, smiles_to_spectrum_recall:0.888394, spectrum_to_smiles_recall:0.914413, valid acc:0.961543
INFO:Epoch 547, train loss:0.013037
INFO:Epoch 547, eval loss:0.191584, smiles_to_spectrum_recall:0.887367, spectrum_to_smiles_recall:0.913215, valid acc:0.959318
INFO:Epoch 548, train loss:0.015408
INFO:Epoch 548, eval loss:0.172366, smiles_to_spectrum_recall:0.892845, spectrum_to_smiles_recall:0.908593, valid acc:0.964339
INFO:Epoch 549, train loss:0.013747
INFO:Epoch 549, eval loss:0.185044, smiles_to_spectrum_recall:0.884971, spectrum_to_smiles_recall:0.907224, valid acc:0.961143
INFO:Epoch 550, train loss:0.015202
INFO:Epoch 550, eval loss:0.178454, smiles_to_spectrum_recall:0.890106, spectrum_to_smiles_recall:0.912359, valid acc:0.962113
INFO:Epoch 551, train loss:0.013962
INFO:Epoch 551, eval loss:0.159123, smiles_to_spectrum_recall:0.888052, spectrum_to_smiles_recall:0.910134, valid acc:0.965879
INFO:Epoch 552, train loss:0.014686
INFO:Epoch 552, eval loss:0.177979, smiles_to_spectrum_recall:0.886169, spectrum_to_smiles_recall:0.909620, valid acc:0.962285
INFO:Epoch 553, train loss:0.015938
INFO:Epoch 553, eval loss:0.180965, smiles_to_spectrum_recall:0.882061, spectrum_to_smiles_recall:0.902773, valid acc:0.961372
INFO:Epoch 554, train loss:0.017289
INFO:Epoch 554, eval loss:0.192483, smiles_to_spectrum_recall:0.890448, spectrum_to_smiles_recall:0.906881, valid acc:0.958690
INFO:Epoch 555, train loss:0.015126
INFO:Epoch 555, eval loss:0.169039, smiles_to_spectrum_recall:0.894214, spectrum_to_smiles_recall:0.915098, valid acc:0.967477
INFO:Epoch 556, train loss:0.015941
INFO:Epoch 556, eval loss:0.192956, smiles_to_spectrum_recall:0.886854, spectrum_to_smiles_recall:0.903800, valid acc:0.960516
INFO:Epoch 557, train loss:0.012337
INFO:Epoch 557, eval loss:0.179410, smiles_to_spectrum_recall:0.893872, spectrum_to_smiles_recall:0.911503, valid acc:0.961372
INFO:Epoch 558, train loss:0.014612
INFO:Epoch 558, eval loss:0.191506, smiles_to_spectrum_recall:0.897980, spectrum_to_smiles_recall:0.911845, valid acc:0.959717
INFO:Epoch 559, train loss:0.015662
INFO:Epoch 559, eval loss:0.176044, smiles_to_spectrum_recall:0.886683, spectrum_to_smiles_recall:0.908764, valid acc:0.963483
INFO:Epoch 560, train loss:0.014416
INFO:Epoch 560, eval loss:0.153805, smiles_to_spectrum_recall:0.892331, spectrum_to_smiles_recall:0.916467, valid acc:0.968789
INFO:Epoch 561, train loss:0.013618
INFO:Epoch 561, eval loss:0.221825, smiles_to_spectrum_recall:0.892845, spectrum_to_smiles_recall:0.910476, valid acc:0.955381
INFO:Epoch 562, train loss:0.013489
INFO:Epoch 562, eval loss:0.154695, smiles_to_spectrum_recall:0.891818, spectrum_to_smiles_recall:0.912872, valid acc:0.967363
INFO:Epoch 563, train loss:0.014498
INFO:Epoch 563, eval loss:0.161295, smiles_to_spectrum_recall:0.891647, spectrum_to_smiles_recall:0.908422, valid acc:0.967363
INFO:Epoch 564, train loss:0.010503
INFO:Epoch 564, eval loss:0.183028, smiles_to_spectrum_recall:0.893530, spectrum_to_smiles_recall:0.912701, valid acc:0.961771
INFO:Epoch 565, train loss:0.013063
INFO:Epoch 565, eval loss:0.172845, smiles_to_spectrum_recall:0.892674, spectrum_to_smiles_recall:0.910305, valid acc:0.964852
INFO:Epoch 566, train loss:0.013204
INFO:Epoch 566, eval loss:0.163829, smiles_to_spectrum_recall:0.889935, spectrum_to_smiles_recall:0.916296, valid acc:0.964966
INFO:Epoch 567, train loss:0.012542
INFO:Epoch 567, eval loss:0.162530, smiles_to_spectrum_recall:0.888566, spectrum_to_smiles_recall:0.913386, valid acc:0.968105
INFO:Epoch 568, train loss:0.011372
INFO:Epoch 568, eval loss:0.176863, smiles_to_spectrum_recall:0.887881, spectrum_to_smiles_recall:0.912530, valid acc:0.964053
INFO:Epoch 569, train loss:0.013671
INFO:Epoch 569, eval loss:0.176080, smiles_to_spectrum_recall:0.896440, spectrum_to_smiles_recall:0.911161, valid acc:0.964396
INFO:Epoch 570, train loss:0.014236
INFO:Epoch 570, eval loss:0.166476, smiles_to_spectrum_recall:0.892674, spectrum_to_smiles_recall:0.912872, valid acc:0.965366
INFO:Epoch 571, train loss:0.014356
INFO:Epoch 571, eval loss:0.183571, smiles_to_spectrum_recall:0.886340, spectrum_to_smiles_recall:0.902602, valid acc:0.963768
INFO:Epoch 572, train loss:0.014913
INFO:Epoch 572, eval loss:0.188390, smiles_to_spectrum_recall:0.893530, spectrum_to_smiles_recall:0.912872, valid acc:0.960915
INFO:Epoch 573, train loss:0.012992
INFO:Epoch 573, eval loss:0.176517, smiles_to_spectrum_recall:0.893187, spectrum_to_smiles_recall:0.915440, valid acc:0.961828
INFO:Epoch 574, train loss:0.013423
INFO:Epoch 574, eval loss:0.153147, smiles_to_spectrum_recall:0.888566, spectrum_to_smiles_recall:0.914242, valid acc:0.968846
INFO:Epoch 575, train loss:0.010951
INFO:Epoch 575, eval loss:0.174119, smiles_to_spectrum_recall:0.888566, spectrum_to_smiles_recall:0.913386, valid acc:0.964053
INFO:Epoch 576, train loss:0.014098
INFO:Epoch 576, eval loss:0.189859, smiles_to_spectrum_recall:0.890277, spectrum_to_smiles_recall:0.910647, valid acc:0.960059
INFO:Epoch 577, train loss:0.011058
INFO:Epoch 577, eval loss:0.179051, smiles_to_spectrum_recall:0.894557, spectrum_to_smiles_recall:0.909449, valid acc:0.964852
INFO:Epoch 578, train loss:0.013425
INFO:Epoch 578, eval loss:0.183655, smiles_to_spectrum_recall:0.892845, spectrum_to_smiles_recall:0.914413, valid acc:0.962969
INFO:Epoch 579, train loss:0.013615
INFO:Epoch 579, eval loss:0.177639, smiles_to_spectrum_recall:0.895241, spectrum_to_smiles_recall:0.913899, valid acc:0.963255
INFO:Epoch 580, train loss:0.013154
INFO:Epoch 580, eval loss:0.202895, smiles_to_spectrum_recall:0.891133, spectrum_to_smiles_recall:0.919206, valid acc:0.959660
INFO:Epoch 581, train loss:0.012527
INFO:Epoch 581, eval loss:0.180501, smiles_to_spectrum_recall:0.894557, spectrum_to_smiles_recall:0.911161, valid acc:0.963597
INFO:Epoch 582, train loss:0.011793
INFO:Epoch 582, eval loss:0.174639, smiles_to_spectrum_recall:0.894899, spectrum_to_smiles_recall:0.911674, valid acc:0.963426
INFO:Epoch 583, train loss:0.013434
INFO:Epoch 583, eval loss:0.170582, smiles_to_spectrum_recall:0.894214, spectrum_to_smiles_recall:0.908764, valid acc:0.964339
INFO:Epoch 584, train loss:0.011368
INFO:Epoch 584, eval loss:0.194863, smiles_to_spectrum_recall:0.886854, spectrum_to_smiles_recall:0.904314, valid acc:0.960231
INFO:Epoch 585, train loss:0.013589
INFO:Epoch 585, eval loss:0.186660, smiles_to_spectrum_recall:0.887367, spectrum_to_smiles_recall:0.912359, valid acc:0.960345
INFO:Epoch 586, train loss:0.013433
INFO:Epoch 586, eval loss:0.180508, smiles_to_spectrum_recall:0.890962, spectrum_to_smiles_recall:0.909791, valid acc:0.962855
INFO:Epoch 587, train loss:0.011987
INFO:Epoch 587, eval loss:0.201748, smiles_to_spectrum_recall:0.889764, spectrum_to_smiles_recall:0.908764, valid acc:0.959432
INFO:Epoch 588, train loss:0.015126
INFO:Epoch 588, eval loss:0.180356, smiles_to_spectrum_recall:0.891647, spectrum_to_smiles_recall:0.918179, valid acc:0.962741
INFO:Epoch 589, train loss:0.013771
INFO:Epoch 589, eval loss:0.190464, smiles_to_spectrum_recall:0.888737, spectrum_to_smiles_recall:0.912701, valid acc:0.960345
INFO:Epoch 590, train loss:0.012646
INFO:Epoch 590, eval loss:0.167425, smiles_to_spectrum_recall:0.890277, spectrum_to_smiles_recall:0.915098, valid acc:0.966678
INFO:Epoch 591, train loss:0.011942
INFO:Epoch 591, eval loss:0.192122, smiles_to_spectrum_recall:0.886854, spectrum_to_smiles_recall:0.906881, valid acc:0.962056
INFO:Epoch 592, train loss:0.013762
INFO:Epoch 592, eval loss:0.194629, smiles_to_spectrum_recall:0.885998, spectrum_to_smiles_recall:0.911161, valid acc:0.961714
INFO:Epoch 593, train loss:0.015256
INFO:Epoch 593, eval loss:0.166849, smiles_to_spectrum_recall:0.893701, spectrum_to_smiles_recall:0.913043, valid acc:0.966165
INFO:Epoch 594, train loss:0.011824
INFO:Epoch 594, eval loss:0.187766, smiles_to_spectrum_recall:0.891476, spectrum_to_smiles_recall:0.912872, valid acc:0.963711
INFO:Epoch 595, train loss:0.011514
INFO:Epoch 595, eval loss:0.178810, smiles_to_spectrum_recall:0.884286, spectrum_to_smiles_recall:0.913557, valid acc:0.965080
INFO:Epoch 596, train loss:0.013121
INFO:Epoch 596, eval loss:0.203356, smiles_to_spectrum_recall:0.893530, spectrum_to_smiles_recall:0.910989, valid acc:0.961201
INFO:Epoch 597, train loss:0.011289
INFO:Epoch 597, eval loss:0.222638, smiles_to_spectrum_recall:0.887196, spectrum_to_smiles_recall:0.908251, valid acc:0.955266
INFO:Epoch 598, train loss:0.012691
INFO:Epoch 598, eval loss:0.190946, smiles_to_spectrum_recall:0.893358, spectrum_to_smiles_recall:0.917152, valid acc:0.962513
INFO:Epoch 599, train loss:0.012970
INFO:Epoch 599, eval loss:0.185850, smiles_to_spectrum_recall:0.891133, spectrum_to_smiles_recall:0.915953, valid acc:0.962570
INFO:Epoch 600, train loss:0.010993
INFO:Epoch 600, eval loss:0.210768, smiles_to_spectrum_recall:0.889593, spectrum_to_smiles_recall:0.911161, valid acc:0.959146
INFO:Epoch 601, train loss:0.012702
INFO:Epoch 601, eval loss:0.199271, smiles_to_spectrum_recall:0.890448, spectrum_to_smiles_recall:0.909620, valid acc:0.960972
INFO:Epoch 602, train loss:0.011472
INFO:Epoch 602, eval loss:0.201749, smiles_to_spectrum_recall:0.888908, spectrum_to_smiles_recall:0.909278, valid acc:0.961714
INFO:Epoch 603, train loss:0.014210
INFO:Epoch 603, eval loss:0.222575, smiles_to_spectrum_recall:0.888052, spectrum_to_smiles_recall:0.911503, valid acc:0.956864
INFO:Epoch 604, train loss:0.011338
INFO:Epoch 604, eval loss:0.190479, smiles_to_spectrum_recall:0.886854, spectrum_to_smiles_recall:0.910989, valid acc:0.964282
INFO:Epoch 605, train loss:0.010847
INFO:Epoch 605, eval loss:0.170660, smiles_to_spectrum_recall:0.889593, spectrum_to_smiles_recall:0.910134, valid acc:0.967135
INFO:Epoch 606, train loss:0.010197
INFO:Epoch 606, eval loss:0.165000, smiles_to_spectrum_recall:0.891818, spectrum_to_smiles_recall:0.911332, valid acc:0.968105
INFO:Epoch 607, train loss:0.011453
INFO:Epoch 607, eval loss:0.180697, smiles_to_spectrum_recall:0.889935, spectrum_to_smiles_recall:0.916296, valid acc:0.964624
INFO:Epoch 608, train loss:0.012571
INFO:Epoch 608, eval loss:0.198062, smiles_to_spectrum_recall:0.890448, spectrum_to_smiles_recall:0.910305, valid acc:0.960459
INFO:Epoch 609, train loss:0.010055
INFO:Epoch 609, eval loss:0.224068, smiles_to_spectrum_recall:0.891989, spectrum_to_smiles_recall:0.914926, valid acc:0.957435
INFO:Epoch 610, train loss:0.011146
INFO:Epoch 610, eval loss:0.188095, smiles_to_spectrum_recall:0.895755, spectrum_to_smiles_recall:0.916980, valid acc:0.964510
INFO:Epoch 611, train loss:0.010715
INFO:Epoch 611, eval loss:0.224861, smiles_to_spectrum_recall:0.884286, spectrum_to_smiles_recall:0.913557, valid acc:0.957549
INFO:Epoch 612, train loss:0.013540
INFO:Epoch 612, eval loss:0.201704, smiles_to_spectrum_recall:0.893358, spectrum_to_smiles_recall:0.916638, valid acc:0.963255
INFO:Epoch 613, train loss:0.011160
INFO:Epoch 613, eval loss:0.184330, smiles_to_spectrum_recall:0.896440, spectrum_to_smiles_recall:0.923656, valid acc:0.965366
INFO:Epoch 614, train loss:0.008719
INFO:Epoch 614, eval loss:0.184919, smiles_to_spectrum_recall:0.892845, spectrum_to_smiles_recall:0.921260, valid acc:0.966050
INFO:Epoch 615, train loss:0.010606
INFO:Epoch 615, eval loss:0.201218, smiles_to_spectrum_recall:0.893530, spectrum_to_smiles_recall:0.918863, valid acc:0.960801
INFO:Epoch 616, train loss:0.014379
INFO:Epoch 616, eval loss:0.219723, smiles_to_spectrum_recall:0.891476, spectrum_to_smiles_recall:0.915440, valid acc:0.957549
INFO:Epoch 617, train loss:0.009477
INFO:Epoch 617, eval loss:0.179033, smiles_to_spectrum_recall:0.896953, spectrum_to_smiles_recall:0.917836, valid acc:0.965480
INFO:Epoch 618, train loss:0.011547
INFO:Epoch 618, eval loss:0.210136, smiles_to_spectrum_recall:0.893872, spectrum_to_smiles_recall:0.919719, valid acc:0.959203
INFO:Epoch 619, train loss:0.010587
INFO:Epoch 619, eval loss:0.182726, smiles_to_spectrum_recall:0.896611, spectrum_to_smiles_recall:0.917494, valid acc:0.965309
INFO:Epoch 620, train loss:0.010677
INFO:Epoch 620, eval loss:0.195362, smiles_to_spectrum_recall:0.895755, spectrum_to_smiles_recall:0.917665, valid acc:0.961942
INFO:Epoch 621, train loss:0.009701
INFO:Epoch 621, eval loss:0.196907, smiles_to_spectrum_recall:0.899178, spectrum_to_smiles_recall:0.923485, valid acc:0.961999
INFO:Epoch 622, train loss:0.013758
INFO:Epoch 622, eval loss:0.196965, smiles_to_spectrum_recall:0.900205, spectrum_to_smiles_recall:0.916296, valid acc:0.962684
INFO:Epoch 623, train loss:0.010389
INFO:Epoch 623, eval loss:0.231988, smiles_to_spectrum_recall:0.890448, spectrum_to_smiles_recall:0.908935, valid acc:0.954125
INFO:Epoch 624, train loss:0.009868
INFO:Epoch 624, eval loss:0.172901, smiles_to_spectrum_recall:0.900377, spectrum_to_smiles_recall:0.923656, valid acc:0.965879
INFO:Epoch 625, train loss:0.009853
INFO:Epoch 625, eval loss:0.199923, smiles_to_spectrum_recall:0.898151, spectrum_to_smiles_recall:0.916125, valid acc:0.960288
INFO:Epoch 626, train loss:0.012043
INFO:Epoch 626, eval loss:0.208234, smiles_to_spectrum_recall:0.897638, spectrum_to_smiles_recall:0.920917, valid acc:0.957264
INFO:Epoch 627, train loss:0.010160
INFO:Epoch 627, eval loss:0.194141, smiles_to_spectrum_recall:0.898836, spectrum_to_smiles_recall:0.919377, valid acc:0.962171
INFO:Epoch 628, train loss:0.009960
INFO:Epoch 628, eval loss:0.196324, smiles_to_spectrum_recall:0.900719, spectrum_to_smiles_recall:0.917494, valid acc:0.961315
INFO:Epoch 629, train loss:0.008414
INFO:Epoch 629, eval loss:0.189601, smiles_to_spectrum_recall:0.899521, spectrum_to_smiles_recall:0.922458, valid acc:0.963312
INFO:Epoch 630, train loss:0.009493
INFO:Epoch 630, eval loss:0.207756, smiles_to_spectrum_recall:0.899178, spectrum_to_smiles_recall:0.918521, valid acc:0.958234
INFO:Epoch 631, train loss:0.009944
INFO:Epoch 631, eval loss:0.197493, smiles_to_spectrum_recall:0.898151, spectrum_to_smiles_recall:0.919035, valid acc:0.961201
INFO:Epoch 632, train loss:0.011249
INFO:Epoch 632, eval loss:0.239920, smiles_to_spectrum_recall:0.896611, spectrum_to_smiles_recall:0.916296, valid acc:0.951672
INFO:Epoch 633, train loss:0.013055
INFO:Epoch 633, eval loss:0.197422, smiles_to_spectrum_recall:0.898494, spectrum_to_smiles_recall:0.919890, valid acc:0.962113
INFO:Epoch 634, train loss:0.010614
INFO:Epoch 634, eval loss:0.204556, smiles_to_spectrum_recall:0.892503, spectrum_to_smiles_recall:0.916296, valid acc:0.959831
INFO:Epoch 635, train loss:0.011212
INFO:Epoch 635, eval loss:0.205988, smiles_to_spectrum_recall:0.893358, spectrum_to_smiles_recall:0.920575, valid acc:0.959146
INFO:Epoch 636, train loss:0.011333
INFO:Epoch 636, eval loss:0.172331, smiles_to_spectrum_recall:0.896268, spectrum_to_smiles_recall:0.921602, valid acc:0.965080
INFO:Epoch 637, train loss:0.011639
INFO:Epoch 637, eval loss:0.218463, smiles_to_spectrum_recall:0.894557, spectrum_to_smiles_recall:0.918521, valid acc:0.956179
INFO:Epoch 638, train loss:0.009238
INFO:Epoch 638, eval loss:0.192655, smiles_to_spectrum_recall:0.887710, spectrum_to_smiles_recall:0.919719, valid acc:0.962456
INFO:Epoch 639, train loss:0.011543
INFO:Epoch 639, eval loss:0.198136, smiles_to_spectrum_recall:0.897124, spectrum_to_smiles_recall:0.921773, valid acc:0.960915
INFO:Epoch 640, train loss:0.010751
INFO:Epoch 640, eval loss:0.210670, smiles_to_spectrum_recall:0.895413, spectrum_to_smiles_recall:0.918521, valid acc:0.959888
INFO:Epoch 641, train loss:0.010684
INFO:Epoch 641, eval loss:0.237836, smiles_to_spectrum_recall:0.895755, spectrum_to_smiles_recall:0.917152, valid acc:0.954753
INFO:Epoch 642, train loss:0.008866
INFO:Epoch 642, eval loss:0.207377, smiles_to_spectrum_recall:0.899007, spectrum_to_smiles_recall:0.917494, valid acc:0.959261
INFO:Epoch 643, train loss:0.009761
INFO:Epoch 643, eval loss:0.234973, smiles_to_spectrum_recall:0.896268, spectrum_to_smiles_recall:0.916638, valid acc:0.952071
INFO:Epoch 644, train loss:0.010575
INFO:Epoch 644, eval loss:0.208782, smiles_to_spectrum_recall:0.892845, spectrum_to_smiles_recall:0.915440, valid acc:0.958861
INFO:Epoch 645, train loss:0.008780
INFO:Epoch 645, eval loss:0.204630, smiles_to_spectrum_recall:0.897467, spectrum_to_smiles_recall:0.917665, valid acc:0.961714
INFO:Epoch 646, train loss:0.010400
INFO:Epoch 646, eval loss:0.233117, smiles_to_spectrum_recall:0.897467, spectrum_to_smiles_recall:0.923999, valid acc:0.954411
INFO:Epoch 647, train loss:0.009032
INFO:Epoch 647, eval loss:0.193908, smiles_to_spectrum_recall:0.894385, spectrum_to_smiles_recall:0.924683, valid acc:0.963711
INFO:Epoch 648, train loss:0.008895
INFO:Epoch 648, eval loss:0.211330, smiles_to_spectrum_recall:0.898494, spectrum_to_smiles_recall:0.923827, valid acc:0.959831
INFO:Epoch 649, train loss:0.007801
INFO:Epoch 649, eval loss:0.225106, smiles_to_spectrum_recall:0.897638, spectrum_to_smiles_recall:0.922629, valid acc:0.955951
INFO:Epoch 650, train loss:0.008848
INFO:Epoch 650, eval loss:0.214886, smiles_to_spectrum_recall:0.897809, spectrum_to_smiles_recall:0.920746, valid acc:0.957092
INFO:Epoch 651, train loss:0.008929
INFO:Epoch 651, eval loss:0.232076, smiles_to_spectrum_recall:0.899863, spectrum_to_smiles_recall:0.920917, valid acc:0.953612
INFO:Epoch 652, train loss:0.009674
INFO:Epoch 652, eval loss:0.207054, smiles_to_spectrum_recall:0.900719, spectrum_to_smiles_recall:0.923827, valid acc:0.960116
INFO:Epoch 653, train loss:0.008179
INFO:Epoch 653, eval loss:0.204998, smiles_to_spectrum_recall:0.907566, spectrum_to_smiles_recall:0.923143, valid acc:0.959032
INFO:Epoch 654, train loss:0.010435
INFO:Epoch 654, eval loss:0.201855, smiles_to_spectrum_recall:0.904142, spectrum_to_smiles_recall:0.922287, valid acc:0.959945
INFO:Epoch 655, train loss:0.009544
INFO:Epoch 655, eval loss:0.229207, smiles_to_spectrum_recall:0.902088, spectrum_to_smiles_recall:0.921089, valid acc:0.955780
INFO:Epoch 656, train loss:0.010639
INFO:Epoch 656, eval loss:0.212118, smiles_to_spectrum_recall:0.904827, spectrum_to_smiles_recall:0.924341, valid acc:0.958348
INFO:Epoch 657, train loss:0.009960
INFO:Epoch 657, eval loss:0.223314, smiles_to_spectrum_recall:0.901404, spectrum_to_smiles_recall:0.920404, valid acc:0.956750
INFO:Epoch 658, train loss:0.011017
INFO:Epoch 658, eval loss:0.217891, smiles_to_spectrum_recall:0.904314, spectrum_to_smiles_recall:0.920233, valid acc:0.959888
INFO:Epoch 659, train loss:0.008897
INFO:Epoch 659, eval loss:0.217541, smiles_to_spectrum_recall:0.903115, spectrum_to_smiles_recall:0.922116, valid acc:0.959203
INFO:Epoch 660, train loss:0.010550
INFO:Epoch 660, eval loss:0.221260, smiles_to_spectrum_recall:0.900205, spectrum_to_smiles_recall:0.919890, valid acc:0.957435
INFO:Epoch 661, train loss:0.008939
INFO:Epoch 661, eval loss:0.213971, smiles_to_spectrum_recall:0.903629, spectrum_to_smiles_recall:0.925368, valid acc:0.958119
INFO:Epoch 662, train loss:0.008967
INFO:Epoch 662, eval loss:0.203062, smiles_to_spectrum_recall:0.905341, spectrum_to_smiles_recall:0.928963, valid acc:0.959375
INFO:Epoch 663, train loss:0.008817
INFO:Epoch 663, eval loss:0.205542, smiles_to_spectrum_recall:0.901061, spectrum_to_smiles_recall:0.924512, valid acc:0.960573
INFO:Epoch 664, train loss:0.008200
INFO:Epoch 664, eval loss:0.206723, smiles_to_spectrum_recall:0.899692, spectrum_to_smiles_recall:0.931873, valid acc:0.960687
INFO:Epoch 665, train loss:0.009853
INFO:Epoch 665, eval loss:0.214660, smiles_to_spectrum_recall:0.903458, spectrum_to_smiles_recall:0.930846, valid acc:0.957492
INFO:Epoch 666, train loss:0.010309
INFO:Epoch 666, eval loss:0.242423, smiles_to_spectrum_recall:0.901404, spectrum_to_smiles_recall:0.928449, valid acc:0.953212
INFO:Epoch 667, train loss:0.008313
INFO:Epoch 667, eval loss:0.238859, smiles_to_spectrum_recall:0.902088, spectrum_to_smiles_recall:0.921602, valid acc:0.955095
INFO:Epoch 668, train loss:0.007343
INFO:Epoch 668, eval loss:0.195381, smiles_to_spectrum_recall:0.896097, spectrum_to_smiles_recall:0.927936, valid acc:0.962399
INFO:Epoch 669, train loss:0.012190
INFO:Epoch 669, eval loss:0.221294, smiles_to_spectrum_recall:0.901232, spectrum_to_smiles_recall:0.924683, valid acc:0.959660
INFO:Epoch 670, train loss:0.008735
INFO:Epoch 670, eval loss:0.212792, smiles_to_spectrum_recall:0.906881, spectrum_to_smiles_recall:0.927593, valid acc:0.961543
INFO:Epoch 671, train loss:0.008392
INFO:Epoch 671, eval loss:0.229786, smiles_to_spectrum_recall:0.895755, spectrum_to_smiles_recall:0.923314, valid acc:0.957777
INFO:Epoch 672, train loss:0.009315
INFO:Epoch 672, eval loss:0.213363, smiles_to_spectrum_recall:0.899350, spectrum_to_smiles_recall:0.921773, valid acc:0.959831
INFO:Epoch 673, train loss:0.010148
INFO:Epoch 673, eval loss:0.208019, smiles_to_spectrum_recall:0.900890, spectrum_to_smiles_recall:0.918692, valid acc:0.962056
INFO:Epoch 674, train loss:0.008965
INFO:Epoch 674, eval loss:0.217219, smiles_to_spectrum_recall:0.901061, spectrum_to_smiles_recall:0.921089, valid acc:0.958804
INFO:Epoch 675, train loss:0.008631
INFO:Epoch 675, eval loss:0.218729, smiles_to_spectrum_recall:0.903115, spectrum_to_smiles_recall:0.923143, valid acc:0.959375
INFO:Epoch 676, train loss:0.009932
INFO:Epoch 676, eval loss:0.215591, smiles_to_spectrum_recall:0.899692, spectrum_to_smiles_recall:0.922800, valid acc:0.959032
INFO:Epoch 677, train loss:0.010355
INFO:Epoch 677, eval loss:0.194980, smiles_to_spectrum_recall:0.902773, spectrum_to_smiles_recall:0.926566, valid acc:0.962285
INFO:Epoch 678, train loss:0.008457
INFO:Epoch 678, eval loss:0.233265, smiles_to_spectrum_recall:0.904827, spectrum_to_smiles_recall:0.925368, valid acc:0.957492
INFO:Epoch 679, train loss:0.012289
INFO:Epoch 679, eval loss:0.216744, smiles_to_spectrum_recall:0.906197, spectrum_to_smiles_recall:0.929476, valid acc:0.961201
INFO:Epoch 680, train loss:0.009157
INFO:Epoch 680, eval loss:0.224086, smiles_to_spectrum_recall:0.904827, spectrum_to_smiles_recall:0.923485, valid acc:0.958291
INFO:Epoch 681, train loss:0.007463
INFO:Epoch 681, eval loss:0.233013, smiles_to_spectrum_recall:0.901061, spectrum_to_smiles_recall:0.923656, valid acc:0.956351
INFO:Epoch 682, train loss:0.007923
INFO:Epoch 682, eval loss:0.237537, smiles_to_spectrum_recall:0.903458, spectrum_to_smiles_recall:0.925539, valid acc:0.956465
INFO:Epoch 683, train loss:0.007302
INFO:Epoch 683, eval loss:0.226267, smiles_to_spectrum_recall:0.902088, spectrum_to_smiles_recall:0.920917, valid acc:0.957891
INFO:Epoch 684, train loss:0.008920
INFO:Epoch 684, eval loss:0.263083, smiles_to_spectrum_recall:0.896440, spectrum_to_smiles_recall:0.921773, valid acc:0.951615
INFO:Epoch 685, train loss:0.009954
INFO:Epoch 685, eval loss:0.209373, smiles_to_spectrum_recall:0.899007, spectrum_to_smiles_recall:0.922629, valid acc:0.960345
INFO:Epoch 686, train loss:0.010220
INFO:Epoch 686, eval loss:0.217622, smiles_to_spectrum_recall:0.906539, spectrum_to_smiles_recall:0.925368, valid acc:0.959318
INFO:Epoch 687, train loss:0.010845
INFO:Epoch 687, eval loss:0.237561, smiles_to_spectrum_recall:0.902088, spectrum_to_smiles_recall:0.924341, valid acc:0.953840
INFO:Epoch 688, train loss:0.010447
INFO:Epoch 688, eval loss:0.204904, smiles_to_spectrum_recall:0.899007, spectrum_to_smiles_recall:0.925197, valid acc:0.958633
INFO:Epoch 689, train loss:0.006771
INFO:Epoch 689, eval loss:0.223425, smiles_to_spectrum_recall:0.896782, spectrum_to_smiles_recall:0.922287, valid acc:0.957035
INFO:Epoch 690, train loss:0.009636
INFO:Epoch 690, eval loss:0.238527, smiles_to_spectrum_recall:0.901232, spectrum_to_smiles_recall:0.923314, valid acc:0.955152
INFO:Epoch 691, train loss:0.006119
INFO:Epoch 691, eval loss:0.236831, smiles_to_spectrum_recall:0.901404, spectrum_to_smiles_recall:0.923656, valid acc:0.956408
INFO:Epoch 692, train loss:0.007230
INFO:Epoch 692, eval loss:0.240712, smiles_to_spectrum_recall:0.904656, spectrum_to_smiles_recall:0.921431, valid acc:0.954468
INFO:Epoch 693, train loss:0.005669
INFO:Epoch 693, eval loss:0.225521, smiles_to_spectrum_recall:0.904998, spectrum_to_smiles_recall:0.927936, valid acc:0.956807
INFO:Epoch 694, train loss:0.008408
INFO:Epoch 694, eval loss:0.278920, smiles_to_spectrum_recall:0.897124, spectrum_to_smiles_recall:0.925539, valid acc:0.948705
INFO:Epoch 695, train loss:0.006926
INFO:Epoch 695, eval loss:0.262878, smiles_to_spectrum_recall:0.902773, spectrum_to_smiles_recall:0.924512, valid acc:0.950474
INFO:Epoch 696, train loss:0.006936
INFO:Epoch 696, eval loss:0.227154, smiles_to_spectrum_recall:0.905512, spectrum_to_smiles_recall:0.927080, valid acc:0.957435
INFO:Epoch 697, train loss:0.007771
INFO:Epoch 697, eval loss:0.242793, smiles_to_spectrum_recall:0.902260, spectrum_to_smiles_recall:0.932729, valid acc:0.952813
INFO:Epoch 698, train loss:0.006581
INFO:Epoch 698, eval loss:0.251005, smiles_to_spectrum_recall:0.899178, spectrum_to_smiles_recall:0.925710, valid acc:0.952927
INFO:Epoch 699, train loss:0.007637
INFO:Epoch 699, eval loss:0.249463, smiles_to_spectrum_recall:0.901575, spectrum_to_smiles_recall:0.920575, valid acc:0.952699
INFO:Epoch 700, train loss:0.008278
INFO:Epoch 700, eval loss:0.246490, smiles_to_spectrum_recall:0.902773, spectrum_to_smiles_recall:0.927080, valid acc:0.954182
INFO:Epoch 701, train loss:0.009092
INFO:Epoch 701, eval loss:0.229165, smiles_to_spectrum_recall:0.903800, spectrum_to_smiles_recall:0.926909, valid acc:0.955438
INFO:Epoch 702, train loss:0.007848
INFO:Epoch 702, eval loss:0.257960, smiles_to_spectrum_recall:0.897638, spectrum_to_smiles_recall:0.916980, valid acc:0.951729
INFO:Epoch 703, train loss:0.008235
INFO:Epoch 703, eval loss:0.282966, smiles_to_spectrum_recall:0.896782, spectrum_to_smiles_recall:0.920746, valid acc:0.947906
INFO:Epoch 704, train loss:0.008288
INFO:Epoch 704, eval loss:0.227744, smiles_to_spectrum_recall:0.901061, spectrum_to_smiles_recall:0.928107, valid acc:0.956693
INFO:Epoch 705, train loss:0.007646
INFO:Epoch 705, eval loss:0.235735, smiles_to_spectrum_recall:0.899521, spectrum_to_smiles_recall:0.928620, valid acc:0.955780
INFO:Epoch 706, train loss:0.006306
INFO:Epoch 706, eval loss:0.263247, smiles_to_spectrum_recall:0.902944, spectrum_to_smiles_recall:0.923827, valid acc:0.950816
INFO:Epoch 707, train loss:0.006924
INFO:Epoch 707, eval loss:0.263442, smiles_to_spectrum_recall:0.906881, spectrum_to_smiles_recall:0.928963, valid acc:0.951672
INFO:Epoch 708, train loss:0.006618
INFO:Epoch 708, eval loss:0.234545, smiles_to_spectrum_recall:0.898836, spectrum_to_smiles_recall:0.928278, valid acc:0.956008
INFO:Epoch 709, train loss:0.006554
INFO:Epoch 709, eval loss:0.255710, smiles_to_spectrum_recall:0.899521, spectrum_to_smiles_recall:0.929647, valid acc:0.952585
INFO:Epoch 710, train loss:0.008782
INFO:Epoch 710, eval loss:0.235469, smiles_to_spectrum_recall:0.903115, spectrum_to_smiles_recall:0.932044, valid acc:0.956294
INFO:Epoch 711, train loss:0.007508
INFO:Epoch 711, eval loss:0.239811, smiles_to_spectrum_recall:0.909791, spectrum_to_smiles_recall:0.928449, valid acc:0.954867
INFO:Epoch 712, train loss:0.006693
INFO:Epoch 712, eval loss:0.259914, smiles_to_spectrum_recall:0.897467, spectrum_to_smiles_recall:0.920575, valid acc:0.950816
INFO:Epoch 713, train loss:0.007401
INFO:Epoch 713, eval loss:0.240050, smiles_to_spectrum_recall:0.905341, spectrum_to_smiles_recall:0.929476, valid acc:0.955095
INFO:Epoch 714, train loss:0.007734
INFO:Epoch 714, eval loss:0.226926, smiles_to_spectrum_recall:0.906881, spectrum_to_smiles_recall:0.930161, valid acc:0.956693
INFO:Epoch 715, train loss:0.006633
INFO:Epoch 715, eval loss:0.258205, smiles_to_spectrum_recall:0.902088, spectrum_to_smiles_recall:0.924341, valid acc:0.953041
INFO:Epoch 716, train loss:0.008253
INFO:Epoch 716, eval loss:0.260231, smiles_to_spectrum_recall:0.903971, spectrum_to_smiles_recall:0.929134, valid acc:0.952014
INFO:Epoch 717, train loss:0.006837
INFO:Epoch 717, eval loss:0.231188, smiles_to_spectrum_recall:0.904314, spectrum_to_smiles_recall:0.931873, valid acc:0.957492
INFO:Epoch 718, train loss:0.004763
INFO:Epoch 718, eval loss:0.242485, smiles_to_spectrum_recall:0.903971, spectrum_to_smiles_recall:0.926566, valid acc:0.955609
INFO:Epoch 719, train loss:0.006157
INFO:Epoch 719, eval loss:0.263197, smiles_to_spectrum_recall:0.904656, spectrum_to_smiles_recall:0.928963, valid acc:0.952242
INFO:Epoch 720, train loss:0.007153
INFO:Epoch 720, eval loss:0.270124, smiles_to_spectrum_recall:0.899692, spectrum_to_smiles_recall:0.922116, valid acc:0.949561
INFO:Epoch 721, train loss:0.005860
INFO:Epoch 721, eval loss:0.245748, smiles_to_spectrum_recall:0.904142, spectrum_to_smiles_recall:0.928963, valid acc:0.955780
INFO:Epoch 722, train loss:0.007351
INFO:Epoch 722, eval loss:0.246704, smiles_to_spectrum_recall:0.899178, spectrum_to_smiles_recall:0.921602, valid acc:0.954296
INFO:Epoch 723, train loss:0.005949
INFO:Epoch 723, eval loss:0.238972, smiles_to_spectrum_recall:0.900205, spectrum_to_smiles_recall:0.924512, valid acc:0.956351
INFO:Epoch 724, train loss:0.007160
INFO:Epoch 724, eval loss:0.244682, smiles_to_spectrum_recall:0.901232, spectrum_to_smiles_recall:0.927422, valid acc:0.956750
INFO:Epoch 725, train loss:0.007023
INFO:Epoch 725, eval loss:0.278742, smiles_to_spectrum_recall:0.908422, spectrum_to_smiles_recall:0.929134, valid acc:0.951272
INFO:Epoch 726, train loss:0.007406
INFO:Epoch 726, eval loss:0.267454, smiles_to_spectrum_recall:0.903629, spectrum_to_smiles_recall:0.927593, valid acc:0.951843
INFO:Epoch 727, train loss:0.007206
INFO:Epoch 727, eval loss:0.266932, smiles_to_spectrum_recall:0.899350, spectrum_to_smiles_recall:0.925368, valid acc:0.949561
INFO:Epoch 728, train loss:0.007063
INFO:Epoch 728, eval loss:0.261002, smiles_to_spectrum_recall:0.906368, spectrum_to_smiles_recall:0.926395, valid acc:0.950816
INFO:Epoch 729, train loss:0.008946
INFO:Epoch 729, eval loss:0.311022, smiles_to_spectrum_recall:0.902431, spectrum_to_smiles_recall:0.920575, valid acc:0.942999
INFO:Epoch 730, train loss:0.006506
INFO:Epoch 730, eval loss:0.269325, smiles_to_spectrum_recall:0.903458, spectrum_to_smiles_recall:0.926566, valid acc:0.951615
INFO:Epoch 731, train loss:0.006748
INFO:Epoch 731, eval loss:0.268541, smiles_to_spectrum_recall:0.904314, spectrum_to_smiles_recall:0.929305, valid acc:0.951672
INFO:Epoch 732, train loss:0.007901
INFO:Epoch 732, eval loss:0.256223, smiles_to_spectrum_recall:0.903800, spectrum_to_smiles_recall:0.926909, valid acc:0.952185
INFO:Epoch 733, train loss:0.007163
INFO:Epoch 733, eval loss:0.292254, smiles_to_spectrum_recall:0.898322, spectrum_to_smiles_recall:0.922800, valid acc:0.947678
INFO:Epoch 734, train loss:0.007492
INFO:Epoch 734, eval loss:0.254626, smiles_to_spectrum_recall:0.907395, spectrum_to_smiles_recall:0.927764, valid acc:0.953212
INFO:Epoch 735, train loss:0.006224
INFO:Epoch 735, eval loss:0.248448, smiles_to_spectrum_recall:0.907224, spectrum_to_smiles_recall:0.929476, valid acc:0.953269
INFO:Epoch 736, train loss:0.007409
INFO:Epoch 736, eval loss:0.266453, smiles_to_spectrum_recall:0.904998, spectrum_to_smiles_recall:0.929134, valid acc:0.952927
INFO:Epoch 737, train loss:0.005641
INFO:Epoch 737, eval loss:0.264689, smiles_to_spectrum_recall:0.903800, spectrum_to_smiles_recall:0.922800, valid acc:0.954411
INFO:Epoch 738, train loss:0.006423
INFO:Epoch 738, eval loss:0.255472, smiles_to_spectrum_recall:0.902773, spectrum_to_smiles_recall:0.923314, valid acc:0.954468
INFO:Epoch 739, train loss:0.005805
INFO:Epoch 739, eval loss:0.259838, smiles_to_spectrum_recall:0.908251, spectrum_to_smiles_recall:0.925197, valid acc:0.951272
INFO:Epoch 740, train loss:0.007266
INFO:Epoch 740, eval loss:0.277034, smiles_to_spectrum_recall:0.904485, spectrum_to_smiles_recall:0.922629, valid acc:0.950245
INFO:Epoch 741, train loss:0.006188
INFO:Epoch 741, eval loss:0.297138, smiles_to_spectrum_recall:0.904656, spectrum_to_smiles_recall:0.926737, valid acc:0.946651
INFO:Epoch 742, train loss:0.005808
INFO:Epoch 742, eval loss:0.283587, smiles_to_spectrum_recall:0.907395, spectrum_to_smiles_recall:0.929134, valid acc:0.948362
INFO:Epoch 743, train loss:0.005960
INFO:Epoch 743, eval loss:0.287474, smiles_to_spectrum_recall:0.904142, spectrum_to_smiles_recall:0.926909, valid acc:0.948248
INFO:Epoch 744, train loss:0.006976
INFO:Epoch 744, eval loss:0.277206, smiles_to_spectrum_recall:0.903800, spectrum_to_smiles_recall:0.927764, valid acc:0.951101
INFO:Epoch 745, train loss:0.007546
INFO:Epoch 745, eval loss:0.279949, smiles_to_spectrum_recall:0.904827, spectrum_to_smiles_recall:0.925710, valid acc:0.950131
INFO:Epoch 746, train loss:0.005275
INFO:Epoch 746, eval loss:0.256834, smiles_to_spectrum_recall:0.906025, spectrum_to_smiles_recall:0.932557, valid acc:0.954296
INFO:Epoch 747, train loss:0.006177
INFO:Epoch 747, eval loss:0.295991, smiles_to_spectrum_recall:0.905683, spectrum_to_smiles_recall:0.928278, valid acc:0.948990
INFO:Epoch 748, train loss:0.005297
INFO:Epoch 748, eval loss:0.285795, smiles_to_spectrum_recall:0.907395, spectrum_to_smiles_recall:0.927936, valid acc:0.950245
INFO:Epoch 749, train loss:0.006680
INFO:Epoch 749, eval loss:0.283896, smiles_to_spectrum_recall:0.905854, spectrum_to_smiles_recall:0.929305, valid acc:0.950017
INFO:Epoch 750, train loss:0.007792
INFO:Epoch 750, eval loss:0.265044, smiles_to_spectrum_recall:0.907224, spectrum_to_smiles_recall:0.930674, valid acc:0.953840
INFO:Epoch 751, train loss:0.005481
INFO:Epoch 751, eval loss:0.255226, smiles_to_spectrum_recall:0.908079, spectrum_to_smiles_recall:0.934098, valid acc:0.953897
INFO:Epoch 752, train loss:0.005434
INFO:Epoch 752, eval loss:0.296517, smiles_to_spectrum_recall:0.905854, spectrum_to_smiles_recall:0.930503, valid acc:0.947392
INFO:Epoch 753, train loss:0.005655
INFO:Epoch 753, eval loss:0.271342, smiles_to_spectrum_recall:0.909449, spectrum_to_smiles_recall:0.931530, valid acc:0.953041
INFO:Epoch 754, train loss:0.006655
INFO:Epoch 754, eval loss:0.258923, smiles_to_spectrum_recall:0.909449, spectrum_to_smiles_recall:0.930846, valid acc:0.953954
INFO:Epoch 755, train loss:0.006412
INFO:Epoch 755, eval loss:0.295051, smiles_to_spectrum_recall:0.905512, spectrum_to_smiles_recall:0.926053, valid acc:0.949789
INFO:Epoch 756, train loss:0.008341
INFO:Epoch 756, eval loss:0.313995, smiles_to_spectrum_recall:0.907224, spectrum_to_smiles_recall:0.926395, valid acc:0.944825
INFO:Epoch 757, train loss:0.005727
INFO:Epoch 757, eval loss:0.279344, smiles_to_spectrum_recall:0.908079, spectrum_to_smiles_recall:0.929819, valid acc:0.951215
INFO:Epoch 758, train loss:0.006827
INFO:Epoch 758, eval loss:0.290220, smiles_to_spectrum_recall:0.908764, spectrum_to_smiles_recall:0.930503, valid acc:0.948477
INFO:Epoch 759, train loss:0.005061
INFO:Epoch 759, eval loss:0.282881, smiles_to_spectrum_recall:0.907566, spectrum_to_smiles_recall:0.927080, valid acc:0.951843
INFO:Epoch 760, train loss:0.005592
INFO:Epoch 760, eval loss:0.292208, smiles_to_spectrum_recall:0.907566, spectrum_to_smiles_recall:0.930161, valid acc:0.948876
INFO:Epoch 761, train loss:0.005318
INFO:Epoch 761, eval loss:0.314550, smiles_to_spectrum_recall:0.908593, spectrum_to_smiles_recall:0.931017, valid acc:0.946023
INFO:Epoch 762, train loss:0.006889
INFO:Epoch 762, eval loss:0.293771, smiles_to_spectrum_recall:0.907908, spectrum_to_smiles_recall:0.932386, valid acc:0.949275
INFO:Epoch 763, train loss:0.004811
INFO:Epoch 763, eval loss:0.286937, smiles_to_spectrum_recall:0.907395, spectrum_to_smiles_recall:0.932215, valid acc:0.950474
INFO:Epoch 764, train loss:0.006646
INFO:Epoch 764, eval loss:0.280307, smiles_to_spectrum_recall:0.909791, spectrum_to_smiles_recall:0.932729, valid acc:0.951672
INFO:Epoch 765, train loss:0.006348
INFO:Epoch 765, eval loss:0.308563, smiles_to_spectrum_recall:0.908764, spectrum_to_smiles_recall:0.930161, valid acc:0.946365
INFO:Epoch 766, train loss:0.007048
INFO:Epoch 766, eval loss:0.276290, smiles_to_spectrum_recall:0.910989, spectrum_to_smiles_recall:0.926909, valid acc:0.952471
INFO:Epoch 767, train loss:0.004682
INFO:Epoch 767, eval loss:0.313582, smiles_to_spectrum_recall:0.904314, spectrum_to_smiles_recall:0.925368, valid acc:0.947450
INFO:Epoch 768, train loss:0.003632
INFO:Epoch 768, eval loss:0.304712, smiles_to_spectrum_recall:0.911161, spectrum_to_smiles_recall:0.928278, valid acc:0.948534
INFO:Epoch 769, train loss:0.004777
INFO:Epoch 769, eval loss:0.304424, smiles_to_spectrum_recall:0.903800, spectrum_to_smiles_recall:0.930503, valid acc:0.948819
INFO:Epoch 770, train loss:0.004735
INFO:Epoch 770, eval loss:0.309631, smiles_to_spectrum_recall:0.907052, spectrum_to_smiles_recall:0.930161, valid acc:0.947564
INFO:Epoch 771, train loss:0.006954
INFO:Epoch 771, eval loss:0.272913, smiles_to_spectrum_recall:0.907908, spectrum_to_smiles_recall:0.931188, valid acc:0.953041
INFO:Epoch 772, train loss:0.006401
INFO:Epoch 772, eval loss:0.300332, smiles_to_spectrum_recall:0.903287, spectrum_to_smiles_recall:0.929647, valid acc:0.947906
INFO:Epoch 773, train loss:0.004418
INFO:Epoch 773, eval loss:0.308639, smiles_to_spectrum_recall:0.902088, spectrum_to_smiles_recall:0.929476, valid acc:0.946822
INFO:Epoch 774, train loss:0.005374
INFO:Epoch 774, eval loss:0.309123, smiles_to_spectrum_recall:0.905512, spectrum_to_smiles_recall:0.930503, valid acc:0.946993
INFO:Epoch 775, train loss:0.005462
INFO:Epoch 775, eval loss:0.315574, smiles_to_spectrum_recall:0.902944, spectrum_to_smiles_recall:0.931701, valid acc:0.946308
INFO:Epoch 776, train loss:0.005055
INFO:Epoch 776, eval loss:0.320750, smiles_to_spectrum_recall:0.901746, spectrum_to_smiles_recall:0.926737, valid acc:0.944483
INFO:Epoch 777, train loss:0.006213
INFO:Epoch 777, eval loss:0.307056, smiles_to_spectrum_recall:0.902944, spectrum_to_smiles_recall:0.926566, valid acc:0.949389
INFO:Epoch 778, train loss:0.005761
INFO:Epoch 778, eval loss:0.273590, smiles_to_spectrum_recall:0.906368, spectrum_to_smiles_recall:0.930846, valid acc:0.953212
INFO:Epoch 779, train loss:0.005611
INFO:Epoch 779, eval loss:0.311257, smiles_to_spectrum_recall:0.908079, spectrum_to_smiles_recall:0.928792, valid acc:0.946308
INFO:Epoch 780, train loss:0.006176
INFO:Epoch 780, eval loss:0.286408, smiles_to_spectrum_recall:0.909278, spectrum_to_smiles_recall:0.931701, valid acc:0.950417
INFO:Epoch 781, train loss:0.005166
INFO:Epoch 781, eval loss:0.305081, smiles_to_spectrum_recall:0.903287, spectrum_to_smiles_recall:0.931017, valid acc:0.947392
INFO:Epoch 782, train loss:0.006479
INFO:Epoch 782, eval loss:0.295910, smiles_to_spectrum_recall:0.906025, spectrum_to_smiles_recall:0.926737, valid acc:0.949960
INFO:Epoch 783, train loss:0.006003
INFO:Epoch 783, eval loss:0.309997, smiles_to_spectrum_recall:0.907737, spectrum_to_smiles_recall:0.926395, valid acc:0.947621
INFO:Epoch 784, train loss:0.004328
INFO:Epoch 784, eval loss:0.284992, smiles_to_spectrum_recall:0.907737, spectrum_to_smiles_recall:0.931017, valid acc:0.950188
INFO:Epoch 785, train loss:0.004627
INFO:Epoch 785, eval loss:0.312533, smiles_to_spectrum_recall:0.909106, spectrum_to_smiles_recall:0.929819, valid acc:0.945909
INFO:Epoch 786, train loss:0.003931
INFO:Epoch 786, eval loss:0.324629, smiles_to_spectrum_recall:0.905854, spectrum_to_smiles_recall:0.929134, valid acc:0.945224
INFO:Epoch 787, train loss:0.005419
INFO:Epoch 787, eval loss:0.323148, smiles_to_spectrum_recall:0.906025, spectrum_to_smiles_recall:0.929990, valid acc:0.946879
INFO:Epoch 788, train loss:0.004784
INFO:Epoch 788, eval loss:0.291695, smiles_to_spectrum_recall:0.904142, spectrum_to_smiles_recall:0.929819, valid acc:0.950302
INFO:Epoch 789, train loss:0.005449
INFO:Epoch 789, eval loss:0.331542, smiles_to_spectrum_recall:0.908764, spectrum_to_smiles_recall:0.928792, valid acc:0.944939
INFO:Epoch 790, train loss:0.005322
INFO:Epoch 790, eval loss:0.311519, smiles_to_spectrum_recall:0.909278, spectrum_to_smiles_recall:0.930503, valid acc:0.947450
INFO:Epoch 791, train loss:0.004309
INFO:Epoch 791, eval loss:0.320345, smiles_to_spectrum_recall:0.904485, spectrum_to_smiles_recall:0.931359, valid acc:0.945966
INFO:Epoch 792, train loss:0.004696
INFO:Epoch 792, eval loss:0.332555, smiles_to_spectrum_recall:0.906197, spectrum_to_smiles_recall:0.932215, valid acc:0.945395
INFO:Epoch 793, train loss:0.004919
INFO:Epoch 793, eval loss:0.316615, smiles_to_spectrum_recall:0.907395, spectrum_to_smiles_recall:0.933071, valid acc:0.947963
INFO:Epoch 794, train loss:0.003393
INFO:Epoch 794, eval loss:0.329738, smiles_to_spectrum_recall:0.905512, spectrum_to_smiles_recall:0.931017, valid acc:0.945053
INFO:Epoch 795, train loss:0.006345
INFO:Epoch 795, eval loss:0.332459, smiles_to_spectrum_recall:0.908764, spectrum_to_smiles_recall:0.932044, valid acc:0.943912
INFO:Epoch 796, train loss:0.006685
INFO:Epoch 796, eval loss:0.354527, smiles_to_spectrum_recall:0.905854, spectrum_to_smiles_recall:0.930674, valid acc:0.941344
INFO:Epoch 797, train loss:0.004760
INFO:Epoch 797, eval loss:0.316782, smiles_to_spectrum_recall:0.909278, spectrum_to_smiles_recall:0.931873, valid acc:0.947164
INFO:Epoch 798, train loss:0.004943
INFO:Epoch 798, eval loss:0.321960, smiles_to_spectrum_recall:0.910305, spectrum_to_smiles_recall:0.934440, valid acc:0.946822
INFO:Epoch 799, train loss:0.005381
INFO:Epoch 799, eval loss:0.330950, smiles_to_spectrum_recall:0.906710, spectrum_to_smiles_recall:0.932044, valid acc:0.945966
INFO:Epoch 800, train loss:0.004666
INFO:Epoch 800, eval loss:0.335463, smiles_to_spectrum_recall:0.903800, spectrum_to_smiles_recall:0.928449, valid acc:0.945510
INFO:Epoch 801, train loss:0.004303
INFO:Epoch 801, eval loss:0.313467, smiles_to_spectrum_recall:0.908422, spectrum_to_smiles_recall:0.928792, valid acc:0.946822
INFO:Epoch 802, train loss:0.004308
INFO:Epoch 802, eval loss:0.333287, smiles_to_spectrum_recall:0.908935, spectrum_to_smiles_recall:0.933242, valid acc:0.943341
INFO:Epoch 803, train loss:0.004675
INFO:Epoch 803, eval loss:0.339651, smiles_to_spectrum_recall:0.904827, spectrum_to_smiles_recall:0.928278, valid acc:0.945795
INFO:Epoch 804, train loss:0.004597
INFO:Epoch 804, eval loss:0.317656, smiles_to_spectrum_recall:0.906881, spectrum_to_smiles_recall:0.931359, valid acc:0.947564
INFO:Epoch 805, train loss:0.005639
INFO:Epoch 805, eval loss:0.326219, smiles_to_spectrum_recall:0.906197, spectrum_to_smiles_recall:0.929647, valid acc:0.948020
INFO:Epoch 806, train loss:0.005396
INFO:Epoch 806, eval loss:0.321841, smiles_to_spectrum_recall:0.904314, spectrum_to_smiles_recall:0.931701, valid acc:0.946422
INFO:Epoch 807, train loss:0.005426
INFO:Epoch 807, eval loss:0.356157, smiles_to_spectrum_recall:0.904142, spectrum_to_smiles_recall:0.934783, valid acc:0.941801
INFO:Epoch 808, train loss:0.005795
INFO:Epoch 808, eval loss:0.361063, smiles_to_spectrum_recall:0.904314, spectrum_to_smiles_recall:0.929476, valid acc:0.940260
INFO:Epoch 809, train loss:0.005589
INFO:Epoch 809, eval loss:0.330302, smiles_to_spectrum_recall:0.905169, spectrum_to_smiles_recall:0.932044, valid acc:0.946480
INFO:Epoch 810, train loss:0.003526
INFO:Epoch 810, eval loss:0.302674, smiles_to_spectrum_recall:0.906368, spectrum_to_smiles_recall:0.933756, valid acc:0.949903
INFO:Epoch 811, train loss:0.003984
INFO:Epoch 811, eval loss:0.323361, smiles_to_spectrum_recall:0.908422, spectrum_to_smiles_recall:0.931701, valid acc:0.945795
INFO:Epoch 812, train loss:0.005850
INFO:Epoch 812, eval loss:0.339939, smiles_to_spectrum_recall:0.907737, spectrum_to_smiles_recall:0.932386, valid acc:0.943113
INFO:Epoch 813, train loss:0.004162
INFO:Epoch 813, eval loss:0.334648, smiles_to_spectrum_recall:0.903971, spectrum_to_smiles_recall:0.928278, valid acc:0.943684
INFO:Epoch 814, train loss:0.005826
INFO:Epoch 814, eval loss:0.341247, smiles_to_spectrum_recall:0.906539, spectrum_to_smiles_recall:0.927080, valid acc:0.944026
INFO:Epoch 815, train loss:0.004891
INFO:Epoch 815, eval loss:0.322617, smiles_to_spectrum_recall:0.906025, spectrum_to_smiles_recall:0.931188, valid acc:0.946537
INFO:Epoch 816, train loss:0.004343
INFO:Epoch 816, eval loss:0.346340, smiles_to_spectrum_recall:0.907566, spectrum_to_smiles_recall:0.929647, valid acc:0.942657
INFO:Epoch 817, train loss:0.005739
INFO:Epoch 817, eval loss:0.371489, smiles_to_spectrum_recall:0.909278, spectrum_to_smiles_recall:0.933756, valid acc:0.940260
INFO:Epoch 818, train loss:0.004810
INFO:Epoch 818, eval loss:0.372868, smiles_to_spectrum_recall:0.906710, spectrum_to_smiles_recall:0.930846, valid acc:0.939918
INFO:Epoch 819, train loss:0.004755
INFO:Epoch 819, eval loss:0.321909, smiles_to_spectrum_recall:0.908422, spectrum_to_smiles_recall:0.932386, valid acc:0.946080
INFO:Epoch 820, train loss:0.003747
INFO:Epoch 820, eval loss:0.364062, smiles_to_spectrum_recall:0.906025, spectrum_to_smiles_recall:0.934098, valid acc:0.941287
INFO:Epoch 821, train loss:0.002995
INFO:Epoch 821, eval loss:0.323362, smiles_to_spectrum_recall:0.908764, spectrum_to_smiles_recall:0.933242, valid acc:0.948305
INFO:Epoch 822, train loss:0.004297
INFO:Epoch 822, eval loss:0.338866, smiles_to_spectrum_recall:0.910134, spectrum_to_smiles_recall:0.933071, valid acc:0.945053
INFO:Epoch 823, train loss:0.005345
INFO:Epoch 823, eval loss:0.337260, smiles_to_spectrum_recall:0.908935, spectrum_to_smiles_recall:0.933413, valid acc:0.946594
INFO:Epoch 824, train loss:0.003857
INFO:Epoch 824, eval loss:0.329663, smiles_to_spectrum_recall:0.910818, spectrum_to_smiles_recall:0.932044, valid acc:0.946023
INFO:Epoch 825, train loss:0.004850
INFO:Epoch 825, eval loss:0.356031, smiles_to_spectrum_recall:0.908422, spectrum_to_smiles_recall:0.932386, valid acc:0.941287
INFO:Epoch 826, train loss:0.004918
INFO:Epoch 826, eval loss:0.346934, smiles_to_spectrum_recall:0.910305, spectrum_to_smiles_recall:0.934098, valid acc:0.943969
INFO:Epoch 827, train loss:0.005004
INFO:Epoch 827, eval loss:0.346742, smiles_to_spectrum_recall:0.909962, spectrum_to_smiles_recall:0.934098, valid acc:0.943170
INFO:Epoch 828, train loss:0.003839
INFO:Epoch 828, eval loss:0.364257, smiles_to_spectrum_recall:0.906025, spectrum_to_smiles_recall:0.931530, valid acc:0.943341
INFO:Epoch 829, train loss:0.004449
INFO:Epoch 829, eval loss:0.351661, smiles_to_spectrum_recall:0.910134, spectrum_to_smiles_recall:0.936152, valid acc:0.944425
INFO:Epoch 830, train loss:0.005359
INFO:Epoch 830, eval loss:0.389188, smiles_to_spectrum_recall:0.906368, spectrum_to_smiles_recall:0.934440, valid acc:0.938320
INFO:Epoch 831, train loss:0.004209
INFO:Epoch 831, eval loss:0.354138, smiles_to_spectrum_recall:0.911161, spectrum_to_smiles_recall:0.934611, valid acc:0.943341
INFO:Epoch 832, train loss:0.003801
INFO:Epoch 832, eval loss:0.362912, smiles_to_spectrum_recall:0.910818, spectrum_to_smiles_recall:0.936837, valid acc:0.943056
INFO:Epoch 833, train loss:0.004524
INFO:Epoch 833, eval loss:0.369127, smiles_to_spectrum_recall:0.910134, spectrum_to_smiles_recall:0.934611, valid acc:0.941972
INFO:Epoch 834, train loss:0.004017
INFO:Epoch 834, eval loss:0.345886, smiles_to_spectrum_recall:0.911845, spectrum_to_smiles_recall:0.934440, valid acc:0.945338
INFO:Epoch 835, train loss:0.004834
INFO:Epoch 835, eval loss:0.372272, smiles_to_spectrum_recall:0.910476, spectrum_to_smiles_recall:0.932044, valid acc:0.941630
INFO:Epoch 836, train loss:0.004248
INFO:Epoch 836, eval loss:0.383580, smiles_to_spectrum_recall:0.907737, spectrum_to_smiles_recall:0.929819, valid acc:0.940717
INFO:Epoch 837, train loss:0.004941
INFO:Epoch 837, eval loss:0.360709, smiles_to_spectrum_recall:0.908079, spectrum_to_smiles_recall:0.934783, valid acc:0.942543
INFO:Epoch 838, train loss:0.003131
INFO:Epoch 838, eval loss:0.360748, smiles_to_spectrum_recall:0.910134, spectrum_to_smiles_recall:0.934954, valid acc:0.941401
INFO:Epoch 839, train loss:0.005522
INFO:Epoch 839, eval loss:0.373816, smiles_to_spectrum_recall:0.910134, spectrum_to_smiles_recall:0.933927, valid acc:0.942086
INFO:Epoch 840, train loss:0.004831
INFO:Epoch 840, eval loss:0.382090, smiles_to_spectrum_recall:0.911332, spectrum_to_smiles_recall:0.932900, valid acc:0.940374
INFO:Epoch 841, train loss:0.003916
INFO:Epoch 841, eval loss:0.366668, smiles_to_spectrum_recall:0.911845, spectrum_to_smiles_recall:0.934611, valid acc:0.942485
INFO:Epoch 842, train loss:0.003638
INFO:Epoch 842, eval loss:0.354055, smiles_to_spectrum_recall:0.910989, spectrum_to_smiles_recall:0.935638, valid acc:0.943741
INFO:Epoch 843, train loss:0.005275
INFO:Epoch 843, eval loss:0.340707, smiles_to_spectrum_recall:0.909278, spectrum_to_smiles_recall:0.937521, valid acc:0.946080
INFO:Epoch 844, train loss:0.003738
INFO:Epoch 844, eval loss:0.371519, smiles_to_spectrum_recall:0.910305, spectrum_to_smiles_recall:0.934440, valid acc:0.941002
INFO:Epoch 845, train loss:0.002479
INFO:Epoch 845, eval loss:0.352843, smiles_to_spectrum_recall:0.912359, spectrum_to_smiles_recall:0.935810, valid acc:0.944368
INFO:Epoch 846, train loss:0.003321
INFO:Epoch 846, eval loss:0.383299, smiles_to_spectrum_recall:0.908764, spectrum_to_smiles_recall:0.939918, valid acc:0.940660
INFO:Epoch 847, train loss:0.004696
INFO:Epoch 847, eval loss:0.362464, smiles_to_spectrum_recall:0.909449, spectrum_to_smiles_recall:0.937864, valid acc:0.942428
INFO:Epoch 848, train loss:0.004676
INFO:Epoch 848, eval loss:0.386627, smiles_to_spectrum_recall:0.906881, spectrum_to_smiles_recall:0.933584, valid acc:0.940089
INFO:Epoch 849, train loss:0.003871
INFO:Epoch 849, eval loss:0.379046, smiles_to_spectrum_recall:0.907395, spectrum_to_smiles_recall:0.932557, valid acc:0.940603
INFO:Epoch 850, train loss:0.003194
INFO:Epoch 850, eval loss:0.389093, smiles_to_spectrum_recall:0.907395, spectrum_to_smiles_recall:0.933071, valid acc:0.940146
INFO:Epoch 851, train loss:0.005166
INFO:Epoch 851, eval loss:0.360272, smiles_to_spectrum_recall:0.909278, spectrum_to_smiles_recall:0.937008, valid acc:0.943398
INFO:Epoch 852, train loss:0.005740
INFO:Epoch 852, eval loss:0.364897, smiles_to_spectrum_recall:0.910989, spectrum_to_smiles_recall:0.935467, valid acc:0.942657
INFO:Epoch 853, train loss:0.004158
INFO:Epoch 853, eval loss:0.367288, smiles_to_spectrum_recall:0.911845, spectrum_to_smiles_recall:0.936323, valid acc:0.943284
INFO:Epoch 854, train loss:0.003018
INFO:Epoch 854, eval loss:0.372699, smiles_to_spectrum_recall:0.909791, spectrum_to_smiles_recall:0.932729, valid acc:0.941972
INFO:Epoch 855, train loss:0.004784
INFO:Epoch 855, eval loss:0.386432, smiles_to_spectrum_recall:0.908764, spectrum_to_smiles_recall:0.933927, valid acc:0.939804
INFO:Epoch 856, train loss:0.003849
INFO:Epoch 856, eval loss:0.390809, smiles_to_spectrum_recall:0.909791, spectrum_to_smiles_recall:0.932557, valid acc:0.939918
INFO:Epoch 857, train loss:0.004595
INFO:Epoch 857, eval loss:0.379481, smiles_to_spectrum_recall:0.908935, spectrum_to_smiles_recall:0.935125, valid acc:0.940831
INFO:Epoch 858, train loss:0.004325
INFO:Epoch 858, eval loss:0.381983, smiles_to_spectrum_recall:0.912188, spectrum_to_smiles_recall:0.937350, valid acc:0.940545
INFO:Epoch 859, train loss:0.003046
INFO:Epoch 859, eval loss:0.388839, smiles_to_spectrum_recall:0.910476, spectrum_to_smiles_recall:0.937350, valid acc:0.940545
INFO:Epoch 860, train loss:0.004340
INFO:Epoch 860, eval loss:0.386331, smiles_to_spectrum_recall:0.909449, spectrum_to_smiles_recall:0.936494, valid acc:0.940032
INFO:Epoch 861, train loss:0.003034
INFO:Epoch 861, eval loss:0.394674, smiles_to_spectrum_recall:0.910818, spectrum_to_smiles_recall:0.935810, valid acc:0.939633
INFO:Epoch 862, train loss:0.001775
INFO:Epoch 862, eval loss:0.385899, smiles_to_spectrum_recall:0.910989, spectrum_to_smiles_recall:0.939233, valid acc:0.941401
INFO:Epoch 863, train loss:0.004855
INFO:Epoch 863, eval loss:0.392322, smiles_to_spectrum_recall:0.906881, spectrum_to_smiles_recall:0.937008, valid acc:0.939861
INFO:Epoch 864, train loss:0.002273
INFO:Epoch 864, eval loss:0.402455, smiles_to_spectrum_recall:0.908251, spectrum_to_smiles_recall:0.934783, valid acc:0.938035
INFO:Epoch 865, train loss:0.004068
INFO:Epoch 865, eval loss:0.389490, smiles_to_spectrum_recall:0.906368, spectrum_to_smiles_recall:0.934954, valid acc:0.938548
INFO:Epoch 866, train loss:0.003588
INFO:Epoch 866, eval loss:0.381045, smiles_to_spectrum_recall:0.909278, spectrum_to_smiles_recall:0.937008, valid acc:0.941230
INFO:Epoch 867, train loss:0.003862
INFO:Epoch 867, eval loss:0.387100, smiles_to_spectrum_recall:0.909962, spectrum_to_smiles_recall:0.935467, valid acc:0.940545
INFO:Epoch 868, train loss:0.005562
INFO:Epoch 868, eval loss:0.372177, smiles_to_spectrum_recall:0.910818, spectrum_to_smiles_recall:0.937008, valid acc:0.943341
INFO:Epoch 869, train loss:0.003942
INFO:Epoch 869, eval loss:0.411576, smiles_to_spectrum_recall:0.906539, spectrum_to_smiles_recall:0.931530, valid acc:0.936608
INFO:Epoch 870, train loss:0.003793
INFO:Epoch 870, eval loss:0.408420, smiles_to_spectrum_recall:0.907395, spectrum_to_smiles_recall:0.935467, valid acc:0.937578
INFO:Epoch 871, train loss:0.004245
INFO:Epoch 871, eval loss:0.370316, smiles_to_spectrum_recall:0.912016, spectrum_to_smiles_recall:0.935125, valid acc:0.943741
INFO:Epoch 872, train loss:0.003005
INFO:Epoch 872, eval loss:0.391086, smiles_to_spectrum_recall:0.909106, spectrum_to_smiles_recall:0.935981, valid acc:0.940660
INFO:Epoch 873, train loss:0.003966
INFO:Epoch 873, eval loss:0.382949, smiles_to_spectrum_recall:0.910305, spectrum_to_smiles_recall:0.936152, valid acc:0.941801
INFO:Epoch 874, train loss:0.002946
INFO:Epoch 874, eval loss:0.390031, smiles_to_spectrum_recall:0.909962, spectrum_to_smiles_recall:0.935296, valid acc:0.940603
INFO:Epoch 875, train loss:0.004353
INFO:Epoch 875, eval loss:0.386674, smiles_to_spectrum_recall:0.910647, spectrum_to_smiles_recall:0.934954, valid acc:0.940888
INFO:Epoch 876, train loss:0.002914
INFO:Epoch 876, eval loss:0.393991, smiles_to_spectrum_recall:0.908935, spectrum_to_smiles_recall:0.935296, valid acc:0.939747
INFO:Epoch 877, train loss:0.005187
INFO:Epoch 877, eval loss:0.389929, smiles_to_spectrum_recall:0.910818, spectrum_to_smiles_recall:0.938206, valid acc:0.940431
INFO:Epoch 878, train loss:0.003555
INFO:Epoch 878, eval loss:0.380723, smiles_to_spectrum_recall:0.912359, spectrum_to_smiles_recall:0.937521, valid acc:0.941972
INFO:Epoch 879, train loss:0.003571
INFO:Epoch 879, eval loss:0.392839, smiles_to_spectrum_recall:0.910476, spectrum_to_smiles_recall:0.934954, valid acc:0.940831
INFO:Epoch 880, train loss:0.004296
INFO:Epoch 880, eval loss:0.389810, smiles_to_spectrum_recall:0.909449, spectrum_to_smiles_recall:0.934783, valid acc:0.940545
INFO:Epoch 881, train loss:0.004122
INFO:Epoch 881, eval loss:0.429136, smiles_to_spectrum_recall:0.909278, spectrum_to_smiles_recall:0.934269, valid acc:0.935981
INFO:Epoch 882, train loss:0.003555
INFO:Epoch 882, eval loss:0.404447, smiles_to_spectrum_recall:0.909449, spectrum_to_smiles_recall:0.936837, valid acc:0.939290
INFO:Epoch 883, train loss:0.002854
INFO:Epoch 883, eval loss:0.406828, smiles_to_spectrum_recall:0.908422, spectrum_to_smiles_recall:0.936837, valid acc:0.938263
INFO:Epoch 884, train loss:0.003021
INFO:Epoch 884, eval loss:0.404972, smiles_to_spectrum_recall:0.909620, spectrum_to_smiles_recall:0.936323, valid acc:0.939576
INFO:Epoch 885, train loss:0.003291
INFO:Epoch 885, eval loss:0.388111, smiles_to_spectrum_recall:0.912359, spectrum_to_smiles_recall:0.937350, valid acc:0.941687
INFO:Epoch 886, train loss:0.003909
INFO:Epoch 886, eval loss:0.401965, smiles_to_spectrum_recall:0.914755, spectrum_to_smiles_recall:0.938548, valid acc:0.939347
INFO:Epoch 887, train loss:0.004531
INFO:Epoch 887, eval loss:0.400091, smiles_to_spectrum_recall:0.913043, spectrum_to_smiles_recall:0.939747, valid acc:0.938777
INFO:Epoch 888, train loss:0.002310
INFO:Epoch 888, eval loss:0.401151, smiles_to_spectrum_recall:0.910647, spectrum_to_smiles_recall:0.937693, valid acc:0.940032
INFO:Epoch 889, train loss:0.002729
INFO:Epoch 889, eval loss:0.406034, smiles_to_spectrum_recall:0.909791, spectrum_to_smiles_recall:0.936494, valid acc:0.939347
INFO:Epoch 890, train loss:0.003712
INFO:Epoch 890, eval loss:0.415961, smiles_to_spectrum_recall:0.911332, spectrum_to_smiles_recall:0.939575, valid acc:0.937636
INFO:Epoch 891, train loss:0.004043
INFO:Epoch 891, eval loss:0.428459, smiles_to_spectrum_recall:0.912016, spectrum_to_smiles_recall:0.937350, valid acc:0.936723
INFO:Epoch 892, train loss:0.004211
INFO:Epoch 892, eval loss:0.425830, smiles_to_spectrum_recall:0.912188, spectrum_to_smiles_recall:0.937179, valid acc:0.936038
INFO:Epoch 893, train loss:0.002705
INFO:Epoch 893, eval loss:0.400524, smiles_to_spectrum_recall:0.914242, spectrum_to_smiles_recall:0.938548, valid acc:0.940146
INFO:Epoch 894, train loss:0.003658
INFO:Epoch 894, eval loss:0.407439, smiles_to_spectrum_recall:0.910989, spectrum_to_smiles_recall:0.936494, valid acc:0.939233
INFO:Epoch 895, train loss:0.002768
INFO:Epoch 895, eval loss:0.390125, smiles_to_spectrum_recall:0.913899, spectrum_to_smiles_recall:0.936494, valid acc:0.940374
INFO:Epoch 896, train loss:0.003528
INFO:Epoch 896, eval loss:0.409401, smiles_to_spectrum_recall:0.912016, spectrum_to_smiles_recall:0.937521, valid acc:0.938320
INFO:Epoch 897, train loss:0.003757
INFO:Epoch 897, eval loss:0.424345, smiles_to_spectrum_recall:0.912530, spectrum_to_smiles_recall:0.938720, valid acc:0.936666
INFO:Epoch 898, train loss:0.003386
INFO:Epoch 898, eval loss:0.416507, smiles_to_spectrum_recall:0.912016, spectrum_to_smiles_recall:0.934954, valid acc:0.937693
INFO:Epoch 899, train loss:0.003945
INFO:Epoch 899, eval loss:0.415424, smiles_to_spectrum_recall:0.914584, spectrum_to_smiles_recall:0.940945, valid acc:0.937293
INFO:Epoch 900, train loss:0.003319
INFO:Epoch 900, eval loss:0.403660, smiles_to_spectrum_recall:0.912188, spectrum_to_smiles_recall:0.936494, valid acc:0.939576
INFO:Epoch 901, train loss:0.003907
INFO:Epoch 901, eval loss:0.417895, smiles_to_spectrum_recall:0.915611, spectrum_to_smiles_recall:0.938377, valid acc:0.938263
INFO:Epoch 902, train loss:0.002914
INFO:Epoch 902, eval loss:0.416686, smiles_to_spectrum_recall:0.915440, spectrum_to_smiles_recall:0.938035, valid acc:0.938320
INFO:Epoch 903, train loss:0.002738
INFO:Epoch 903, eval loss:0.405375, smiles_to_spectrum_recall:0.915440, spectrum_to_smiles_recall:0.939575, valid acc:0.940317
INFO:Epoch 904, train loss:0.004093
INFO:Epoch 904, eval loss:0.423180, smiles_to_spectrum_recall:0.914413, spectrum_to_smiles_recall:0.936323, valid acc:0.936837
INFO:Epoch 905, train loss:0.003249
INFO:Epoch 905, eval loss:0.408926, smiles_to_spectrum_recall:0.911332, spectrum_to_smiles_recall:0.937521, valid acc:0.939290
INFO:Epoch 906, train loss:0.002804
INFO:Epoch 906, eval loss:0.417931, smiles_to_spectrum_recall:0.914071, spectrum_to_smiles_recall:0.939404, valid acc:0.938149
INFO:Epoch 907, train loss:0.003236
INFO:Epoch 907, eval loss:0.418557, smiles_to_spectrum_recall:0.913728, spectrum_to_smiles_recall:0.939233, valid acc:0.937693
INFO:Epoch 908, train loss:0.003592
INFO:Epoch 908, eval loss:0.419676, smiles_to_spectrum_recall:0.911503, spectrum_to_smiles_recall:0.939575, valid acc:0.937921
INFO:Epoch 909, train loss:0.003503
INFO:Epoch 909, eval loss:0.418253, smiles_to_spectrum_recall:0.912530, spectrum_to_smiles_recall:0.938377, valid acc:0.937750
INFO:Epoch 910, train loss:0.002479
INFO:Epoch 910, eval loss:0.417875, smiles_to_spectrum_recall:0.914071, spectrum_to_smiles_recall:0.938548, valid acc:0.938491
INFO:Epoch 911, train loss:0.003460
INFO:Epoch 911, eval loss:0.410841, smiles_to_spectrum_recall:0.914242, spectrum_to_smiles_recall:0.941801, valid acc:0.939005
INFO:Epoch 912, train loss:0.003326
INFO:Epoch 912, eval loss:0.426538, smiles_to_spectrum_recall:0.913215, spectrum_to_smiles_recall:0.939404, valid acc:0.935753
INFO:Epoch 913, train loss:0.001903
INFO:Epoch 913, eval loss:0.426663, smiles_to_spectrum_recall:0.914071, spectrum_to_smiles_recall:0.937693, valid acc:0.935696
INFO:Epoch 914, train loss:0.002312
INFO:Epoch 914, eval loss:0.418440, smiles_to_spectrum_recall:0.913215, spectrum_to_smiles_recall:0.939918, valid acc:0.938206
INFO:Epoch 915, train loss:0.004186
INFO:Epoch 915, eval loss:0.446757, smiles_to_spectrum_recall:0.913557, spectrum_to_smiles_recall:0.938548, valid acc:0.934554
INFO:Epoch 916, train loss:0.002733
INFO:Epoch 916, eval loss:0.434451, smiles_to_spectrum_recall:0.912359, spectrum_to_smiles_recall:0.940945, valid acc:0.935924
INFO:Epoch 917, train loss:0.005321
INFO:Epoch 917, eval loss:0.442235, smiles_to_spectrum_recall:0.912872, spectrum_to_smiles_recall:0.941458, valid acc:0.933641
INFO:Epoch 918, train loss:0.003168
INFO:Epoch 918, eval loss:0.420845, smiles_to_spectrum_recall:0.914071, spectrum_to_smiles_recall:0.938891, valid acc:0.936666
INFO:Epoch 919, train loss:0.003287
INFO:Epoch 919, eval loss:0.429265, smiles_to_spectrum_recall:0.914755, spectrum_to_smiles_recall:0.937864, valid acc:0.936494
INFO:Epoch 920, train loss:0.002559
INFO:Epoch 920, eval loss:0.443231, smiles_to_spectrum_recall:0.914071, spectrum_to_smiles_recall:0.940089, valid acc:0.933299
INFO:Epoch 921, train loss:0.004039
INFO:Epoch 921, eval loss:0.438565, smiles_to_spectrum_recall:0.913386, spectrum_to_smiles_recall:0.938548, valid acc:0.935068
INFO:Epoch 922, train loss:0.003470
INFO:Epoch 922, eval loss:0.437981, smiles_to_spectrum_recall:0.913728, spectrum_to_smiles_recall:0.939062, valid acc:0.934669
INFO:Epoch 923, train loss:0.002450
INFO:Epoch 923, eval loss:0.442301, smiles_to_spectrum_recall:0.914242, spectrum_to_smiles_recall:0.938720, valid acc:0.934326
INFO:Epoch 924, train loss:0.003136
INFO:Epoch 924, eval loss:0.433153, smiles_to_spectrum_recall:0.913899, spectrum_to_smiles_recall:0.938720, valid acc:0.935467
INFO:Epoch 925, train loss:0.004028
INFO:Epoch 925, eval loss:0.436361, smiles_to_spectrum_recall:0.913215, spectrum_to_smiles_recall:0.939918, valid acc:0.935125
INFO:Epoch 926, train loss:0.004041
INFO:Epoch 926, eval loss:0.458293, smiles_to_spectrum_recall:0.913557, spectrum_to_smiles_recall:0.938377, valid acc:0.931701
INFO:Epoch 927, train loss:0.003461
INFO:Epoch 927, eval loss:0.455519, smiles_to_spectrum_recall:0.914242, spectrum_to_smiles_recall:0.939918, valid acc:0.932900
INFO:Epoch 928, train loss:0.005127
INFO:Epoch 928, eval loss:0.442608, smiles_to_spectrum_recall:0.914413, spectrum_to_smiles_recall:0.938206, valid acc:0.934326
INFO:Epoch 929, train loss:0.002935
INFO:Epoch 929, eval loss:0.436986, smiles_to_spectrum_recall:0.915953, spectrum_to_smiles_recall:0.939233, valid acc:0.934897
INFO:Epoch 930, train loss:0.002095
INFO:Epoch 930, eval loss:0.429854, smiles_to_spectrum_recall:0.915953, spectrum_to_smiles_recall:0.939747, valid acc:0.935867
INFO:Epoch 931, train loss:0.002560
INFO:Epoch 931, eval loss:0.432240, smiles_to_spectrum_recall:0.914413, spectrum_to_smiles_recall:0.938891, valid acc:0.934897
INFO:Epoch 932, train loss:0.003016
INFO:Epoch 932, eval loss:0.437356, smiles_to_spectrum_recall:0.913728, spectrum_to_smiles_recall:0.938720, valid acc:0.935353
INFO:Epoch 933, train loss:0.003399
INFO:Epoch 933, eval loss:0.452625, smiles_to_spectrum_recall:0.912016, spectrum_to_smiles_recall:0.937864, valid acc:0.933356
INFO:Epoch 934, train loss:0.002845
INFO:Epoch 934, eval loss:0.440915, smiles_to_spectrum_recall:0.912359, spectrum_to_smiles_recall:0.938548, valid acc:0.933984
INFO:Epoch 935, train loss:0.003824
INFO:Epoch 935, eval loss:0.423688, smiles_to_spectrum_recall:0.914755, spectrum_to_smiles_recall:0.940774, valid acc:0.937293
INFO:Epoch 936, train loss:0.004306
INFO:Epoch 936, eval loss:0.427802, smiles_to_spectrum_recall:0.914242, spectrum_to_smiles_recall:0.938720, valid acc:0.936266
INFO:Epoch 937, train loss:0.003403
INFO:Epoch 937, eval loss:0.434669, smiles_to_spectrum_recall:0.914755, spectrum_to_smiles_recall:0.939062, valid acc:0.934954
INFO:Epoch 938, train loss:0.002131
INFO:Epoch 938, eval loss:0.437764, smiles_to_spectrum_recall:0.913899, spectrum_to_smiles_recall:0.937693, valid acc:0.934783
INFO:Epoch 939, train loss:0.002763
INFO:Epoch 939, eval loss:0.433373, smiles_to_spectrum_recall:0.915611, spectrum_to_smiles_recall:0.937864, valid acc:0.935353
INFO:Epoch 940, train loss:0.003356
INFO:Epoch 940, eval loss:0.436127, smiles_to_spectrum_recall:0.916809, spectrum_to_smiles_recall:0.939062, valid acc:0.935182
INFO:Epoch 941, train loss:0.003979
INFO:Epoch 941, eval loss:0.455532, smiles_to_spectrum_recall:0.914584, spectrum_to_smiles_recall:0.935981, valid acc:0.932500
INFO:Epoch 942, train loss:0.002734
INFO:Epoch 942, eval loss:0.455392, smiles_to_spectrum_recall:0.915098, spectrum_to_smiles_recall:0.936152, valid acc:0.932729
INFO:Epoch 943, train loss:0.003841
INFO:Epoch 943, eval loss:0.453493, smiles_to_spectrum_recall:0.916125, spectrum_to_smiles_recall:0.938720, valid acc:0.932957
INFO:Epoch 944, train loss:0.003246
INFO:Epoch 944, eval loss:0.452067, smiles_to_spectrum_recall:0.916125, spectrum_to_smiles_recall:0.938206, valid acc:0.932500
INFO:Epoch 945, train loss:0.003402
INFO:Epoch 945, eval loss:0.451599, smiles_to_spectrum_recall:0.914584, spectrum_to_smiles_recall:0.935981, valid acc:0.933014
INFO:Epoch 946, train loss:0.002266
INFO:Epoch 946, eval loss:0.456544, smiles_to_spectrum_recall:0.914584, spectrum_to_smiles_recall:0.937864, valid acc:0.931644
INFO:Epoch 947, train loss:0.002672
INFO:Epoch 947, eval loss:0.437387, smiles_to_spectrum_recall:0.916809, spectrum_to_smiles_recall:0.938548, valid acc:0.934269
INFO:Epoch 948, train loss:0.003009
INFO:Epoch 948, eval loss:0.462068, smiles_to_spectrum_recall:0.915782, spectrum_to_smiles_recall:0.938377, valid acc:0.931131
INFO:Epoch 949, train loss:0.002869
INFO:Epoch 949, eval loss:0.436127, smiles_to_spectrum_recall:0.915269, spectrum_to_smiles_recall:0.939918, valid acc:0.934897
INFO:Epoch 950, train loss:0.003564
INFO:Epoch 950, eval loss:0.458610, smiles_to_spectrum_recall:0.915098, spectrum_to_smiles_recall:0.937350, valid acc:0.932044
INFO:Epoch 951, train loss:0.004177
INFO:Epoch 951, eval loss:0.467748, smiles_to_spectrum_recall:0.915611, spectrum_to_smiles_recall:0.937693, valid acc:0.930332
INFO:Epoch 952, train loss:0.003210
INFO:Epoch 952, eval loss:0.442054, smiles_to_spectrum_recall:0.915953, spectrum_to_smiles_recall:0.938891, valid acc:0.933813
INFO:Epoch 953, train loss:0.003614
INFO:Epoch 953, eval loss:0.445201, smiles_to_spectrum_recall:0.915440, spectrum_to_smiles_recall:0.938035, valid acc:0.933699
INFO:Epoch 954, train loss:0.002868
INFO:Epoch 954, eval loss:0.450219, smiles_to_spectrum_recall:0.916125, spectrum_to_smiles_recall:0.935810, valid acc:0.933356
INFO:Epoch 955, train loss:0.002025
INFO:Epoch 955, eval loss:0.449446, smiles_to_spectrum_recall:0.916809, spectrum_to_smiles_recall:0.937693, valid acc:0.933242
INFO:Epoch 956, train loss:0.002443
INFO:Epoch 956, eval loss:0.444130, smiles_to_spectrum_recall:0.916638, spectrum_to_smiles_recall:0.938720, valid acc:0.933927
INFO:Epoch 957, train loss:0.003823
INFO:Epoch 957, eval loss:0.456230, smiles_to_spectrum_recall:0.915611, spectrum_to_smiles_recall:0.938720, valid acc:0.932158
INFO:Epoch 958, train loss:0.004173
INFO:Epoch 958, eval loss:0.442903, smiles_to_spectrum_recall:0.917323, spectrum_to_smiles_recall:0.938891, valid acc:0.933527
INFO:Epoch 959, train loss:0.003576
INFO:Epoch 959, eval loss:0.444934, smiles_to_spectrum_recall:0.916638, spectrum_to_smiles_recall:0.939233, valid acc:0.933014
INFO:Epoch 960, train loss:0.004098
INFO:Epoch 960, eval loss:0.443582, smiles_to_spectrum_recall:0.915611, spectrum_to_smiles_recall:0.939404, valid acc:0.933984
INFO:Epoch 961, train loss:0.003023
INFO:Epoch 961, eval loss:0.442736, smiles_to_spectrum_recall:0.915782, spectrum_to_smiles_recall:0.939233, valid acc:0.934897
INFO:Epoch 962, train loss:0.002415
INFO:Epoch 962, eval loss:0.449608, smiles_to_spectrum_recall:0.913043, spectrum_to_smiles_recall:0.940260, valid acc:0.934440
INFO:Epoch 963, train loss:0.002744
INFO:Epoch 963, eval loss:0.455800, smiles_to_spectrum_recall:0.914755, spectrum_to_smiles_recall:0.939404, valid acc:0.933014
INFO:Epoch 964, train loss:0.003549
INFO:Epoch 964, eval loss:0.461742, smiles_to_spectrum_recall:0.915782, spectrum_to_smiles_recall:0.938548, valid acc:0.931701
INFO:Epoch 965, train loss:0.002266
INFO:Epoch 965, eval loss:0.464365, smiles_to_spectrum_recall:0.917323, spectrum_to_smiles_recall:0.939747, valid acc:0.931873
INFO:Epoch 966, train loss:0.002810
INFO:Epoch 966, eval loss:0.446560, smiles_to_spectrum_recall:0.918692, spectrum_to_smiles_recall:0.940774, valid acc:0.934497
INFO:Epoch 967, train loss:0.003826
INFO:Epoch 967, eval loss:0.451843, smiles_to_spectrum_recall:0.917836, spectrum_to_smiles_recall:0.940774, valid acc:0.933185
INFO:Epoch 968, train loss:0.003004
INFO:Epoch 968, eval loss:0.461351, smiles_to_spectrum_recall:0.916467, spectrum_to_smiles_recall:0.939233, valid acc:0.932215
INFO:Epoch 969, train loss:0.003163
INFO:Epoch 969, eval loss:0.458275, smiles_to_spectrum_recall:0.916125, spectrum_to_smiles_recall:0.939918, valid acc:0.933641
INFO:Epoch 970, train loss:0.003202
INFO:Epoch 970, eval loss:0.468749, smiles_to_spectrum_recall:0.916125, spectrum_to_smiles_recall:0.938891, valid acc:0.931131
INFO:Epoch 971, train loss:0.003522
INFO:Epoch 971, eval loss:0.460670, smiles_to_spectrum_recall:0.916296, spectrum_to_smiles_recall:0.938720, valid acc:0.932272
INFO:Epoch 972, train loss:0.002684
INFO:Epoch 972, eval loss:0.448337, smiles_to_spectrum_recall:0.915440, spectrum_to_smiles_recall:0.939233, valid acc:0.934383
INFO:Epoch 973, train loss:0.003102
INFO:Epoch 973, eval loss:0.460018, smiles_to_spectrum_recall:0.916638, spectrum_to_smiles_recall:0.940603, valid acc:0.933413
INFO:Epoch 974, train loss:0.003695
INFO:Epoch 974, eval loss:0.469863, smiles_to_spectrum_recall:0.914926, spectrum_to_smiles_recall:0.939062, valid acc:0.931759
INFO:Epoch 975, train loss:0.003715
INFO:Epoch 975, eval loss:0.467478, smiles_to_spectrum_recall:0.915611, spectrum_to_smiles_recall:0.938548, valid acc:0.931816
INFO:Epoch 976, train loss:0.002519
INFO:Epoch 976, eval loss:0.463324, smiles_to_spectrum_recall:0.916125, spectrum_to_smiles_recall:0.938206, valid acc:0.932443
INFO:Epoch 977, train loss:0.003991
INFO:Epoch 977, eval loss:0.469835, smiles_to_spectrum_recall:0.914584, spectrum_to_smiles_recall:0.936494, valid acc:0.931245
INFO:Epoch 978, train loss:0.003185
INFO:Epoch 978, eval loss:0.465512, smiles_to_spectrum_recall:0.915611, spectrum_to_smiles_recall:0.938206, valid acc:0.932729
INFO:Epoch 979, train loss:0.002488
INFO:Epoch 979, eval loss:0.469548, smiles_to_spectrum_recall:0.915440, spectrum_to_smiles_recall:0.937864, valid acc:0.932443
INFO:Epoch 980, train loss:0.002472
INFO:Epoch 980, eval loss:0.461574, smiles_to_spectrum_recall:0.916296, spectrum_to_smiles_recall:0.938548, valid acc:0.933185
INFO:Epoch 981, train loss:0.003515
INFO:Epoch 981, eval loss:0.469135, smiles_to_spectrum_recall:0.915440, spectrum_to_smiles_recall:0.937693, valid acc:0.932786
INFO:Epoch 982, train loss:0.003627
INFO:Epoch 982, eval loss:0.476073, smiles_to_spectrum_recall:0.915953, spectrum_to_smiles_recall:0.938377, valid acc:0.931188
INFO:Epoch 983, train loss:0.002372
INFO:Epoch 983, eval loss:0.466316, smiles_to_spectrum_recall:0.915953, spectrum_to_smiles_recall:0.938206, valid acc:0.932843
INFO:Epoch 984, train loss:0.001979
INFO:Epoch 984, eval loss:0.450072, smiles_to_spectrum_recall:0.915953, spectrum_to_smiles_recall:0.937521, valid acc:0.934954
INFO:Epoch 985, train loss:0.002349
INFO:Epoch 985, eval loss:0.451839, smiles_to_spectrum_recall:0.916125, spectrum_to_smiles_recall:0.938891, valid acc:0.934554
INFO:Epoch 986, train loss:0.003158
INFO:Epoch 986, eval loss:0.480607, smiles_to_spectrum_recall:0.914584, spectrum_to_smiles_recall:0.935981, valid acc:0.931017
INFO:Epoch 987, train loss:0.003426
INFO:Epoch 987, eval loss:0.467680, smiles_to_spectrum_recall:0.916125, spectrum_to_smiles_recall:0.936323, valid acc:0.932957
INFO:Epoch 988, train loss:0.002171
INFO:Epoch 988, eval loss:0.461045, smiles_to_spectrum_recall:0.916296, spectrum_to_smiles_recall:0.936837, valid acc:0.933014
INFO:Epoch 989, train loss:0.004324
INFO:Epoch 989, eval loss:0.463443, smiles_to_spectrum_recall:0.915440, spectrum_to_smiles_recall:0.936666, valid acc:0.932671
INFO:Epoch 990, train loss:0.002297
INFO:Epoch 990, eval loss:0.460545, smiles_to_spectrum_recall:0.916638, spectrum_to_smiles_recall:0.936837, valid acc:0.933071
INFO:Epoch 991, train loss:0.003235
INFO:Epoch 991, eval loss:0.470255, smiles_to_spectrum_recall:0.916125, spectrum_to_smiles_recall:0.935981, valid acc:0.931644
INFO:Epoch 992, train loss:0.002625
INFO:Epoch 992, eval loss:0.467811, smiles_to_spectrum_recall:0.916296, spectrum_to_smiles_recall:0.937179, valid acc:0.931930
INFO:Epoch 993, train loss:0.001994
INFO:Epoch 993, eval loss:0.467590, smiles_to_spectrum_recall:0.916809, spectrum_to_smiles_recall:0.937008, valid acc:0.932158
INFO:Epoch 994, train loss:0.002412
INFO:Epoch 994, eval loss:0.461015, smiles_to_spectrum_recall:0.917494, spectrum_to_smiles_recall:0.937179, valid acc:0.933242
INFO:Epoch 995, train loss:0.003597
INFO:Epoch 995, eval loss:0.474137, smiles_to_spectrum_recall:0.915953, spectrum_to_smiles_recall:0.937350, valid acc:0.932101
INFO:Epoch 996, train loss:0.003738
INFO:Epoch 996, eval loss:0.465374, smiles_to_spectrum_recall:0.916296, spectrum_to_smiles_recall:0.936837, valid acc:0.932843
INFO:Epoch 997, train loss:0.002733
INFO:Epoch 997, eval loss:0.460437, smiles_to_spectrum_recall:0.915611, spectrum_to_smiles_recall:0.937008, valid acc:0.933470
INFO:Epoch 998, train loss:0.002847
INFO:Epoch 998, eval loss:0.477918, smiles_to_spectrum_recall:0.915953, spectrum_to_smiles_recall:0.936152, valid acc:0.931074
INFO:Epoch 999, train loss:0.003295
INFO:Epoch 999, eval loss:0.480294, smiles_to_spectrum_recall:0.914413, spectrum_to_smiles_recall:0.935810, valid acc:0.930332
